title,author,upvotes,comments,combined_sentiment,combined_polarity,subreddit,date,topics
‡¶¨‡¶æ‡¶Ç‡¶≤‡¶æ‡¶¶‡ßá‡¶∂‡ßá‡¶∞ ‡¶´‡ßÅ‡¶ü‡¶¨‡¶≤ ‡¶∏‡ßç‡¶ü‡ßá‡¶°‡¶ø‡ßü‡¶æ‡¶Æ‡ßá‡¶∞ ‡¶ö‡¶æ‡¶∞‡¶¶‡¶ø‡¶ï‡ßá ‡¶è‡¶§‡ßã ‡¶¨‡¶ø‡¶∂‡¶æ‡¶≤ ‡¶ñ‡¶æ‡¶≤‡¶ø ‡¶ú‡¶æ‡ßü‡¶ó‡¶æ ‡¶•‡¶æ‡¶ï‡ßá ‡¶ï‡ßá‡¶®? ‡¶Ø‡ßá‡¶ñ‡¶æ‡¶®‡ßá ‡¶Ü‡¶ß‡ßÅ‡¶®‡¶ø‡¶ï ‡¶¨‡¶ø‡¶∂‡ßç‡¶¨‡ßá‡¶∞ ‡¶ï‡ßã‡¶®‡ßã ‡¶∏‡ßç‡¶ü‡ßá‡¶°‡¶ø‡ßü‡¶æ‡¶Æ‡ßá ‡¶è‡¶Æ‡¶®‡¶ü‡¶æ ‡¶¶‡ßá‡¶ñ‡¶æ ‡¶Ø‡¶æ‡ßü ‡¶®‡¶æ‡•§,Massivehit,6,12,neutral,0.0,bangladesh,2025-11-19 15:54:57,"Technology, Real Estate"
HISTORIC VICTORY FOR THE COUNTRY!!!,Plastic_Repeat_995,66,9,positive,0.10744047619047618,bangladesh,2025-11-18 22:50:10,"Travel/Tourism, Sports, Technology, Real Estate"
Bangladesh wins,HinduShibir,218,12,positive,0.2916666666666667,bangladesh,2025-11-18 22:49:47,Real Estate
"Looking to Donate Books in Dhaka , Any Suggestions?",panic_structure,5,1,positive,0.0625,bangladesh,2025-11-18 22:24:55,"Education, Technology, Real Estate"
Bd domestic flights,zsk471,3,1,neutral,-0.0203125,bangladesh,2025-11-18 17:06:01,"Travel/Tourism, Shopping/Commerce, Technology, Real Estate"
Wake up Bangladeshis,Hot-Point-4090,2,1,positive,0.06443230490849537,bangladesh,2025-11-18 13:39:20,"Education, Travel/Tourism, Shopping/Commerce, Food/Restaurants, Politics/Government, Sports, Technology, Real Estate"
Passport Correction and Renewal in BD,Sensitive_Win_9094,5,3,positive,0.0625,bangladesh,2025-11-18 13:01:38,"Politics/Government, Technology, Real Estate"
"Protibastob from Dhaka Comics - An anthology of comics from various underrated artists, I love these artists so much, they're deserve so much more recognition, and I love the way Bangla comics is going, maybe one day it will become a world famous genre like manga",yasserius,6,0,neutral,0.18333333333333335,bangladesh,2025-11-18 12:54:50,"Relationships, Real Estate"
Looking for a Job.,iamnoman18,5,0,negative,-0.05833333333333332,bangladesh,2025-11-18 11:01:00,"Education, Career/Jobs, Shopping/Commerce, Sports, Technology, Real Estate, Infrastructure"
Your Top 5 Trusted Phone Shops in Dhaka,Electrical_Example28,8,4,positive,0.321875,bangladesh,2025-11-18 07:05:16,"Shopping/Commerce, Technology, Real Estate"
VoA for Dhaka Inbound from Different Country,Infinitoid,2,1,neutral,0.0,bangladesh,2025-11-18 02:23:06,Real Estate
Best place to live in Bangladesh?,Scared_of_Jobs,3,7,positive,0.37667871900826444,bangladesh,2025-11-17 15:30:51,"Career/Jobs, Health/Medical, Travel/Tourism, Food/Restaurants, Technology, Real Estate"
Visa on arrival questions,CompetitiveCat8220,2,2,neutral,0.01875,bangladesh,2025-11-16 09:12:32,"Travel/Tourism, Real Estate"
Gulshan Is Not Dhaka,Atel_mamu,5,0,neutral,0.0,bangladesh,2025-11-16 08:27:55,Real Estate
Trying to collect foreign currency notes ‚Äî where can I actually get my first ones in Dhaka?,Inevitable-Koala6828,5,1,neutral,0.053684807256235825,bangladesh,2025-11-15 22:52:37,"Education, Career/Jobs, Travel/Tourism, Shopping/Commerce, Technology, Real Estate"
Which restaurant would it be in Dhaka?,Saif10ali,112,36,neutral,0.0,bangladesh,2025-11-15 20:39:13,"Food/Restaurants, Real Estate"
How Yunus Deceived BNP at the Last Minute,Alone-Attention-2139,35,35,neutral,0.025694444444444447,bangladesh,2025-11-15 18:31:25,"Politics/Government, Technology"
Places to get the best Mishti around Dhaka?,clarkeanator,7,8,positive,0.6302083333333334,bangladesh,2025-11-15 12:53:03,"Travel/Tourism, Technology, Real Estate"
Buying a 2nd hand flat in banani Dhaka.,Miserable-Bed3514,2,1,neutral,-0.01125,bangladesh,2025-11-14 03:11:50,"Shopping/Commerce, Politics/Government, Real Estate"
"Dhaka today.... No, more like everyday.",biscute2077,8,0,neutral,-0.075,bangladesh,2025-11-13 21:24:47,"Relationships, Real Estate"
Property inheritance to our child who is not a Bangladeshi citizen.,Hawk_KL01,18,15,neutral,0.003571428571428574,bangladesh,2025-11-12 17:12:51,"Relationships, Travel/Tourism, Politics/Government, Technology, Real Estate"
Its abt outfit,rrrihaaa,7,4,neutral,0.03546699512608604,bangladesh,2025-11-12 01:12:08,"Education, Shopping/Commerce, Technology, Real Estate"
A Bangladeshi couple who died in the 9/11 attacks.,Maverick_00x,557,54,positive,0.15000000000000002,bangladesh,2025-11-11 15:31:13,"Career/Jobs, Relationships, Technology, Real Estate"
What if Bangladesh actually had high-speed trains(250-350km/hour)?,SheehabMuhammad,16,35,positive,0.07062461348175633,bangladesh,2025-11-11 01:06:11,"Career/Jobs, Travel/Tourism, Technology, Real Estate, Infrastructure"
"If you had 6 months rent-free in a prime Gulshan/Banani duplex, how would you use it to build a business?",Anushirvan,6,7,positive,0.10104166666666667,bangladesh,2025-11-11 00:28:17,"Career/Jobs, Shopping/Commerce, Real Estate, Infrastructure"
Buffet suggestions in Dhaka,Few-Pumpkin3842,5,0,neutral,0.0,bangladesh,2025-11-10 21:26:24,"Education, Food/Restaurants, Real Estate"
Peace agreement before GTA VI,Sweaty_Topic8036,13,1,neutral,0.0,bangladesh,2025-11-10 21:13:17,"Education, Real Estate"
Trusted Gaming Laptop store in Dhaka,Expert-Access7844,3,5,positive,0.2333333333333333,bangladesh,2025-11-10 18:43:46,"Shopping/Commerce, Technology, Real Estate"
"Over a hundred primary school teachers were injured as police used batons, sound grenades, tear gas, and water cannons",Plastic_Repeat_995,15,3,neutral,0.25,bangladesh,2025-11-10 16:44:44,"Education, Career/Jobs, Politics/Government, Real Estate"
Where else to sell my smartphones?,Select-Day-873,2,0,positive,0.1046875,bangladesh,2025-11-10 16:34:42,"Shopping/Commerce, Technology, Real Estate"
Crude bombs exploded at four separate locations in Dhaka this morning (10 November),Plastic_Repeat_995,13,8,neutral,-0.38249999999999995,bangladesh,2025-11-10 16:06:55,"Career/Jobs, Health/Medical, Politics/Government, Technology, Real Estate, Infrastructure"
‚ÄºÔ∏èCrude bombs exploded at 4 locations in Dhaka,AtikulIslam4142,80,25,neutral,-0.03214285714285713,bangladesh,2025-11-10 15:37:37,"Career/Jobs, Health/Medical, Politics/Government, Sports, Technology, Real Estate, Infrastructure"
‚ö†Ô∏è Top-listed criminal shot dead in broad daylight,AtikulIslam4142,185,44,negative,-0.1549768518518519,bangladesh,2025-11-10 14:55:29,"Education, Relationships, Health/Medical, Food/Restaurants, Politics/Government, Technology, Real Estate, Infrastructure"
Any querier service to send iPad outside Dhaka.,muaz_moss,7,3,negative,-0.08333333333333333,bangladesh,2025-11-10 07:03:44,"Technology, Real Estate"
Sending a 20 kg parcel from Dhaka to Budapest ‚Äî any affordable and reliable courier options?,PrimaryInspection969,6,1,neutral,0.048214285714285716,bangladesh,2025-11-09 23:27:17,"Technology, Real Estate"
Animal rescue/shelter in Dhaka?,Tall_Monster,7,2,neutral,-0.046875,bangladesh,2025-11-09 21:13:06,Real Estate
"Will contest election from Dhaka, resignation depends on govt's decision: Asif Mahmud",PrintRealistic6750,22,12,neutral,0.0,bangladesh,2025-11-09 19:32:34,"Politics/Government, Real Estate"
"A peanut seller counts his loss as his Tk3,000....",Plastic_Repeat_995,124,6,positive,0.1847222222222222,bangladesh,2025-11-09 15:56:35,"Education, Shopping/Commerce, Politics/Government, Real Estate"
"Students of Ideal, Dhaka colleges reach peace agreement; City College missing from truce effort",Necessary-Hunt6104,82,24,neutral,0.175,bangladesh,2025-11-09 15:53:45,"Education, Real Estate"
My 28 months baby still not talking :(,Fancy-Day3847,32,17,positive,-0.29670068027210883,bangladesh,2025-11-09 14:43:02,"Health/Medical, Sports, Technology, Real Estate"
Need suggestions for Resort near Dhaka (for Honeymoon),Maybe_some,5,5,positive,0.13611111111111113,bangladesh,2025-11-09 10:55:24,"Relationships, Real Estate"
Pari Bibi's mausoleum at Lalbagh fort. Dhaka (1967) #viral #OldDhaka #Ol...,Sea-Test1273,3,1,neutral,0.0,bangladesh,2025-11-09 08:42:45,Real Estate
Anyone using Finasteride or Minoxidil? Need advice and good doctor recommendations,pulokjk,7,9,positive,0.42701863354037267,bangladesh,2025-11-08 23:36:09,"Health/Medical, Travel/Tourism, Food/Restaurants, Technology, Real Estate"
Need advice,Fragrant_Drop7397,6,3,positive,0.125,bangladesh,2025-11-08 22:31:26,"Shopping/Commerce, Technology, Real Estate"
Best place for cataract surgery in Dhaka?,Available-Ad-1014,5,1,positive,0.85,bangladesh,2025-11-07 21:14:11,"Health/Medical, Real Estate"
My Story,Budget_Platform_3736,47,37,neutral,0.007340274667860874,bangladesh,2025-11-07 13:35:35,"Education, Career/Jobs, Relationships, Health/Medical, Travel/Tourism, Food/Restaurants, Technology, Real Estate, Infrastructure"
Anyone studying criminology at university of dhaka?,faceittiger1142,3,0,neutral,0.0,bangladesh,2025-11-07 02:39:13,"Education, Real Estate"
Massacre in Dhaka!,Gold1Smith,24,25,neutral,0.049999999999999996,bangladesh,2025-11-06 17:12:20,"Food/Restaurants, Real Estate"
Looking for information about old/public libraries in Dhaka for a Wikimedia GLAM project,Yahya_b,3,0,positive,0.08839285714285715,bangladesh,2025-11-06 02:41:55,"Education, Career/Jobs, Technology, Real Estate"
Easy entry to Europe as a masters student.,canttellumyname,4,1,positive,0.3126165501165501,bangladesh,2025-11-06 00:32:58,"Education, Career/Jobs, Relationships, Politics/Government, Real Estate, Infrastructure"
Easy entry to Europe as a masters student.,canttellumyname,3,2,positive,0.3126165501165501,bangladesh,2025-11-06 00:32:53,"Education, Career/Jobs, Relationships, Politics/Government, Real Estate, Infrastructure"
Perfume Decants are a scam,azim-_-,4,7,negative,-0.05500000000000001,bangladesh,2025-11-06 00:18:20,"Shopping/Commerce, Real Estate"
Want a home rent in dhaka,Upset-Pay3295,2,2,neutral,0.0,bangladesh,2025-11-06 00:12:30,Real Estate
"wanna go to sylhet for tour with friends from dhaka, need suggestions and advices",Top-Pen-9698,3,3,neutral,0.0375,bangladesh,2025-11-05 16:47:18,"Travel/Tourism, Technology, Real Estate"
Probe blames pilot error for Milestone crash; all Air Force training to shift outside Dhaka,PrintRealistic6750,55,25,neutral,0.0,bangladesh,2025-11-05 16:36:41,"Technology, Real Estate, Infrastructure"
Why doesn‚Äôt Bangladesh have a soft power strategy?,Lampedusan,24,29,positive,0.14895833333333333,bangladesh,2025-11-05 11:02:18,"Relationships, Shopping/Commerce, Food/Restaurants, Sports, Technology, Real Estate, Infrastructure"
Bangladesh travel for uk female and Nepali boy in January ?,Soft-Dance-8601,5,5,positive,0.11937500000000001,bangladesh,2025-11-05 03:55:50,"Career/Jobs, Relationships, Travel/Tourism, Technology, Real Estate"
Delivery Service For My Home Bakery,DirectTone1689,3,5,neutral,0.0,bangladesh,2025-11-04 23:36:50,"Shopping/Commerce, Food/Restaurants, Real Estate"
"‡¶´‡ßç‡¶Ø‡¶æ‡¶ï‡ßç‡¶ü‡¶∞‡¶ø ‡¶™‡ßÅ‡ßú‡ßá, ‡¶¨‡¶ø‡¶Æ‡¶æ‡¶®‡¶¨‡¶®‡ßç‡¶¶‡¶∞ ‡¶™‡ßÅ‡ßú‡ßá, ‡¶®‡¶ø‡¶∞‡ßç‡¶¨‡¶æ‡¶ö‡¶® ‡¶¶‡¶ø‡ßü‡ßá ‡¶¨‡¶æ‡¶Å‡¶ö‡¶æ‡¶®: ‡¶¨‡¶ø‡¶ü‡¶ø‡¶è‡¶Æ‡¶è ‡¶∏‡¶≠‡¶æ‡¶™‡¶§‡¶ø | BTMA | Dhaka | Somoy TV",maifee,7,1,neutral,0.0,bangladesh,2025-11-04 19:40:09,Real Estate
"BAF Shaheen College, Dhaka",Plastic_Repeat_995,18,2,neutral,0.0,bangladesh,2025-11-04 15:22:45,"Education, Real Estate"
Chittagong University W or L?,Soul_Sniper_26,1,17,neutral,0.007142857142857141,bangladesh,2025-11-04 01:07:16,"Education, Career/Jobs, Shopping/Commerce, Technology, Real Estate"
BNP candidates for JS polls: Who‚Äôs in the race for which seat in Dhaka?,PrintRealistic6750,5,2,neutral,0.0,bangladesh,2025-11-03 23:44:16,"Food/Restaurants, Politics/Government, Real Estate"
"Anybody got the ""Dhaka Racing 2003"" game?",VapeyMoron,7,3,positive,-0.14750000000000002,bangladesh,2025-11-03 23:28:32,"Sports, Technology, Real Estate"
BNP's Shafiqul Islam likely to face Jamaat chief Shafiqur in Dhaka-15,PrintRealistic6750,21,7,neutral,0.0,bangladesh,2025-11-03 19:56:45,"Politics/Government, Real Estate"
Need advice on future plans for studying Physics.,the_wave_equation,4,0,neutral,0.024406565656565658,bangladesh,2025-11-02 21:08:34,"Education, Career/Jobs, Food/Restaurants, Technology, Real Estate, Infrastructure"
The Daily Star Caught Red-Handed using AI-written Article,AtikulIslam4142,63,19,neutral,0.0,bangladesh,2025-11-02 18:19:22,"Shopping/Commerce, Technology, Real Estate"
‡¶Ü‡¶Æ‡¶ø Windows &amp; Android user.,seowithriazul,5,2,positive,0.1835016835016835,bangladesh,2025-11-01 08:39:38,"Shopping/Commerce, Technology, Real Estate"
Any advice on getting a new passport quickly considering my restrictions?,Oryuuu,3,0,neutral,0.15536130536130535,bangladesh,2025-10-31 22:45:39,"Education, Real Estate"
‚ÄòNo one stood up for her‚Äô: Bus helper arrested for hitting woman,fogrampercot,53,13,neutral,0.012202380952380952,bangladesh,2025-10-31 16:35:59,"Technology, Real Estate, Infrastructure"
Where can I find 99% Isopropyl alcohol in Dhaka?,Expert_Point_7816,6,4,neutral,0.0,bangladesh,2025-10-31 01:53:43,"Technology, Real Estate"
Dhaka University's admission notice mentions Hijras as disabled,AntiAgent006,23,16,neutral,-0.1,bangladesh,2025-10-30 21:55:31,"Education, Real Estate"
‚Äò‡ß´ ‡¶Ü‡¶ó‡¶∏‡ßç‡¶ü‡ßá ‡¶Ü‡¶Æ‡¶∞‡¶æ ‡¶™‡ßÅ‡¶≤‡¶ø‡¶∂ ‡¶Æ‡ßá‡¶∞‡ßá ‡¶ù‡ßÅ‡¶≤‡¶ø‡ßü‡ßá ‡¶∞‡ßá‡¶ñ‡ßá‡¶õ‡¶ø‚Äô,AtikulIslam4142,27,2,neutral,-0.027777777777777776,bangladesh,2025-10-30 18:16:37,"Food/Restaurants, Politics/Government, Technology, Real Estate, Infrastructure"
Best thrifting place in Dhaka??,DebtLess2374,5,1,positive,0.95,bangladesh,2025-10-30 16:45:34,"Food/Restaurants, Real Estate"
Suggestions needed,FarhanAyan_,2,0,neutral,0.0,bangladesh,2025-10-29 23:48:26,"Shopping/Commerce, Real Estate"
Suggestions needed,FarhanAyan_,2,0,neutral,0.0,bangladesh,2025-10-29 23:38:51,"Shopping/Commerce, Real Estate"
visited Bangladesh,loserinlifee,18,3,positive,0.19583333333333333,bangladesh,2025-10-29 20:54:50,"Travel/Tourism, Food/Restaurants, Real Estate"
Challenges in Policing (part 2): Those who provide security live without dignity,AtikulIslam4142,19,4,neutral,0.06042846042846042,bangladesh,2025-10-29 19:02:01,"Career/Jobs, Travel/Tourism, Food/Restaurants, Politics/Government, Technology, Real Estate, Infrastructure"
‡¶™‡ßã‡¶∂‡¶æ‡¶ï ‡¶®‡¶ø‡ßü‡ßá ‡¶ï‡¶ü‡ßÅ‡¶ï‡ßç‡¶§‡¶ø‡¶ï‡¶æ‡¶∞‡ßÄ‡¶ï‡ßá ‡¶ú‡ßÅ‡¶§‡¶æ‡¶™‡ßá‡¶ü‡¶æ ‡¶ï‡¶∞‡¶≤‡ßá‡¶® ‡¶§‡¶∞‡ßÅ‡¶£‡ßÄ,AtikulIslam4142,207,93,positive,0.05625,bangladesh,2025-10-29 16:50:00,"Food/Restaurants, Sports, Technology, Real Estate, Infrastructure"
Challenges in Policing (part 1): Inside the broken funding of BD police,AtikulIslam4142,10,2,neutral,-0.15324404761904764,bangladesh,2025-10-28 20:06:52,"Career/Jobs, Travel/Tourism, Food/Restaurants, Politics/Government, Technology, Real Estate, Infrastructure"
Need participants for a study,notkafka311,2,0,positive,0.05678571428571429,bangladesh,2025-10-28 01:09:51,"Education, Career/Jobs, Health/Medical, Technology, Real Estate"
Abduction or staged drama?,AtikulIslam4142,29,31,neutral,0.007678571428571429,bangladesh,2025-10-28 01:05:53,"Relationships, Health/Medical, Travel/Tourism, Shopping/Commerce, Food/Restaurants, Politics/Government, Technology, Real Estate"
What are the best options for inter district travel?,Nayuist,1,5,positive,0.65,bangladesh,2025-10-27 20:35:08,"Travel/Tourism, Technology, Real Estate, Infrastructure"
Is your family‚Äôs income halal?,United-Life7473,19,50,positive,0.06111111111111111,bangladesh,2025-10-27 19:55:45,"Education, Career/Jobs, Politics/Government, Technology, Real Estate, Infrastructure"
WHAT IS YOUR THOUGHT ABOUT FARMGATE METRO RAIL INCIDENT,Flat_South_8384,6,1,neutral,-0.005468750000000008,bangladesh,2025-10-27 11:25:20,"Career/Jobs, Relationships, Travel/Tourism, Food/Restaurants, Technology, Real Estate, Infrastructure"
"Why is the Comilla, Noakhali and Chandpur regions so densely populated, outside of Dhaka region? I thought the whole Barisal and Khulna divisions were more dense",maproomzibz,20,9,neutral,0.11666666666666665,bangladesh,2025-10-27 10:32:55,Real Estate
Halloween events in dhaka,No_idea_duh,2,0,neutral,0.0,bangladesh,2025-10-27 04:55:49,Real Estate
"Does anyone know where can I apply for learning boxing/ Muay thai near Mirpur,Dhaka?",Baked_Pan798,2,1,positive,0.1625,bangladesh,2025-10-27 02:26:57,"Technology, Real Estate"
Need recommendation of some trustworthy construction/ development companies in Dhaka?,jobie1267,3,1,positive,0.1841477272727273,bangladesh,2025-10-26 18:05:15,"Career/Jobs, Food/Restaurants, Technology, Real Estate, Infrastructure"
Dhaka Metro costs 5 times India's: Jica review sought to cut millions,Necessary-Hunt6104,69,23,neutral,0.0,bangladesh,2025-10-26 11:35:12,"Real Estate, Infrastructure"
Wanna start a paintball business,SiaM_AhameD21,30,6,positive,0.21339285714285716,bangladesh,2025-10-25 21:54:04,"Career/Jobs, Shopping/Commerce, Politics/Government, Technology, Real Estate, Infrastructure"
Indian Transit Visa for Bangladeshi,lonelykidfrom2006,6,1,neutral,0.008779761904761903,bangladesh,2025-10-25 13:50:48,"Travel/Tourism, Shopping/Commerce, Technology, Real Estate"
"As a Hindu Bangladeshi, it's so hard to have conversations with people about Bangladesh",LeadingSea6037,107,28,neutral,-0.17474966111329748,bangladesh,2025-10-25 11:54:42,"Relationships, Travel/Tourism, Food/Restaurants, Politics/Government, Technology, Real Estate, Infrastructure"
What are your honest thoughts on marriage in Bangladesh today?,BirdApprehensive9273,16,22,positive,0.3983333333333333,bangladesh,2025-10-25 05:15:55,"Career/Jobs, Relationships, Real Estate"
Anyone here who can help me visit a church in Dhaka?,Worldly_Yellow_6115,3,10,positive,0.20833333333333334,bangladesh,2025-10-25 00:27:48,"Relationships, Travel/Tourism, Real Estate"
Need Suggestions for Men‚Äôs Salons in Dhaka,NoPerception9519,4,1,positive,0.425,bangladesh,2025-10-24 16:07:01,"Technology, Real Estate"
Why is Bangladesh so shitty?,Vigilante-225,50,49,neutral,0.030555555555555544,bangladesh,2025-10-23 09:24:56,"Technology, Real Estate"
Try plastickothay,Any-Interaction-3192,4,1,positive,0.07936507936507936,bangladesh,2025-10-23 02:49:18,"Education, Shopping/Commerce, Food/Restaurants, Real Estate"
Buying an apartment in dhaka,Superzues09,6,10,positive,0.10696022727272726,bangladesh,2025-10-22 13:02:05,"Shopping/Commerce, Food/Restaurants, Real Estate, Infrastructure"
Seeking Suggestions for places to Settle-Down,eddieJK1630,4,4,positive,0.06826058201058201,bangladesh,2025-10-22 12:48:25,"Education, Career/Jobs, Food/Restaurants, Technology, Real Estate, Infrastructure"
Looking Suggestion for extra large size men clothes in Dhaka.,ais_21,6,12,positive,0.15954545454545455,bangladesh,2025-10-22 09:05:36,"Shopping/Commerce, Technology, Real Estate"
Why the r/Dhaka is almost twice as big as r/Bangladesh?,Plastic_Repeat_995,11,38,neutral,-0.05,bangladesh,2025-10-22 08:30:32,Real Estate
"Rajuk College, Dhaka admission exam 2025",Silly-Bed2231,5,3,neutral,0.008333333333333335,bangladesh,2025-10-20 22:55:50,"Education, Food/Restaurants, Technology, Real Estate, Infrastructure"
Electronics recycling,Maleficent_Silver560,3,0,positive,0.15,bangladesh,2025-10-20 19:26:55,"Technology, Real Estate"
Is RETINA a Jamaati organization?,NoSpeaker324,39,24,positive,0.08568376068376068,bangladesh,2025-10-20 17:56:03,"Education, Health/Medical, Shopping/Commerce, Politics/Government, Technology, Real Estate"
Awful Experience,snythxox,10,0,positive,-0.39375,bangladesh,2025-10-20 16:46:24,"Education, Health/Medical, Food/Restaurants, Technology, Real Estate"
"ü™î Kali Puja Vibes ‚Äî Looking for a Travel Partner (Dhaka, Oct 20)",dhumketu69,0,8,positive,0.1409469696969697,bangladesh,2025-10-20 05:51:26,"Career/Jobs, Travel/Tourism, Food/Restaurants, Real Estate"
Imagine if Dhaka still looked like this...,maproomzibz,117,32,neutral,0.0,bangladesh,2025-10-20 01:47:40,Real Estate
Jagannath University student found dead in Old Dhaka building,Necessary-Hunt6104,23,2,neutral,-0.025,bangladesh,2025-10-19 20:27:04,"Education, Real Estate"
Dhaka grants full tax break on Rooppur debt repayment to Russia‚Äôs Rosatom subsidiary,Necessary-Hunt6104,4,2,neutral,0.175,bangladesh,2025-10-19 15:51:10,Real Estate
Looking for open minded affordable psychiatrists who specialize in adhd and autism in Dhaka.,Andromeda-K-,6,3,positive,0.0675,bangladesh,2025-10-18 23:15:29,Real Estate
"Dhaka airport fire: Businesses fear over $1 billion impact on imports, exports",Necessary-Hunt6104,33,3,neutral,0.0,bangladesh,2025-10-18 22:51:45,"Career/Jobs, Travel/Tourism, Technology, Real Estate, Infrastructure"
Looking for like minded people!,Sam_Monsterclaw,37,47,positive,0.15285087719298246,bangladesh,2025-10-18 21:24:14,"Career/Jobs, Relationships, Health/Medical, Travel/Tourism, Shopping/Commerce, Food/Restaurants, Technology, Real Estate, Infrastructure"
"Anyone worked at Truck Lagbe (Dhaka Head Office, Mohakhali)? Need honest feedback before my interview",Equal_Perspective230,3,2,positive,0.37968749999999996,bangladesh,2025-10-18 20:43:55,"Career/Jobs, Sports, Technology, Real Estate"
More flights diverted to Ctg as Dhaka airport shuts down after cargo zone fire,maifee,5,1,neutral,0.08611111111111111,bangladesh,2025-10-18 17:47:22,"Travel/Tourism, Technology, Real Estate"
Fire at Dhaka airport's cargo section; Connecting the dots; Why does this whole thing feel so orchestrated?,Status_Revolution_25,7,3,neutral,0.10795454545454546,bangladesh,2025-10-18 17:24:53,"Travel/Tourism, Shopping/Commerce, Food/Restaurants, Sports, Technology, Real Estate"
Seeking doctor recommendation for PCOS,nasia_musarat,5,1,positive,0.07065826330532214,bangladesh,2025-10-18 16:04:37,"Health/Medical, Shopping/Commerce, Technology, Real Estate, Infrastructure"
Is the internet in Dhaka fast and stable for video calls?,78523985210,4,5,negative,-0.0875,bangladesh,2025-10-18 13:46:52,"Travel/Tourism, Technology, Real Estate"
Struggles as an English medium student,Recent_Carry810,3,0,neutral,0.02874999999999999,bangladesh,2025-10-18 10:22:53,"Education, Travel/Tourism, Food/Restaurants, Technology, Real Estate"
Made a simple news aggregator for staying updated about Bangladesh üáßüá©,namkhalinai,9,6,positive,0.12124368686868688,bangladesh,2025-10-18 07:15:30,"Career/Jobs, Relationships, Travel/Tourism, Technology, Real Estate"
Jobless for 10 months now.. Anyone else going through a similar struggle?,Condizero,15,8,neutral,0.026268443095366172,bangladesh,2025-10-18 00:59:14,"Career/Jobs, Health/Medical, Travel/Tourism, Shopping/Commerce, Food/Restaurants, Sports, Technology, Real Estate, Infrastructure"
HSC 2025 Dhaka Board Ranking,Consistent-Rule-3720,2,0,negative,-0.05625000000000001,bangladesh,2025-10-17 17:33:00,"Education, Technology, Real Estate"
"Between typical private universities in dhaka and public universities in chittagong, which are the best?",tdoteditz_exe,3,3,positive,0.23416666666666663,bangladesh,2025-10-17 17:08:35,"Sports, Technology, Real Estate"
"Got GPA 4.92 (Physics 180, Chemistry 185, Math 151, English A-) ‚Äî Should I continue Engineering or move to University A Unit?",Fantastic-Permit-383,3,4,neutral,-0.027083333333333334,bangladesh,2025-10-17 16:18:08,"Education, Technology, Real Estate"
BCB DHAKA DIVISION CRICKET LEAGUE TOURNAMENTS,dhonbolsen,3,0,neutral,0.009788359788359785,bangladesh,2025-10-16 23:35:23,"Travel/Tourism, Sports, Technology, Real Estate"
Reality of the Hsc Result,anonimosus12,11,10,positive,0.06369047619047619,bangladesh,2025-10-16 21:39:19,"Education, Shopping/Commerce, Food/Restaurants, Technology, Real Estate"
Trusted Smartphone Shop in Dhaka?,Left_Application293,3,2,neutral,0.0375,bangladesh,2025-10-16 21:08:49,"Shopping/Commerce, Technology, Real Estate"
Anyone ever received mail/letters from overseas thru post office?,lonelykidfrom2006,2,1,positive,0.1142857142857143,bangladesh,2025-10-16 21:01:32,"Career/Jobs, Politics/Government, Technology, Real Estate"
From Nimtoli 2010 to Mirpur 2025 ‚Äì how many more fires will it take for Dhaka to wake up?,Redwanul-Haque2467,10,1,neutral,0.24166666666666667,bangladesh,2025-10-16 09:32:48,"Technology, Real Estate"
Whats the deal with Stalls in Rabindra Sharabar in Dhanmondi,Ajwad6969,5,0,neutral,-0.0125,bangladesh,2025-10-15 23:49:39,"Technology, Real Estate"
Best place for hair transplant?,Odd-Machine189,3,1,positive,0.75,bangladesh,2025-10-15 19:19:33,"Health/Medical, Technology, Real Estate"
who is up for hangouts in dhaka,No_idea_duh,5,24,neutral,0.044480519480519475,bangladesh,2025-10-15 16:11:12,"Travel/Tourism, Real Estate"
Relationship advice,Famous_Divide6434,10,29,positive,0.05972537878787878,bangladesh,2025-10-15 11:29:13,"Education, Career/Jobs, Relationships, Travel/Tourism, Food/Restaurants, Technology, Real Estate, Infrastructure"
Please suggest a good private hospital in Dhaka for treating Heart related illness,da-chooozen-one,4,2,positive,0.31666666666666665,bangladesh,2025-10-14 14:31:56,"Health/Medical, Food/Restaurants, Real Estate"
I wanna study bachelor in abroad help me üôèüèª,ilovemybmwx5,1,7,positive,0.12123015873015874,bangladesh,2025-10-13 23:35:33,"Education, Career/Jobs, Health/Medical, Technology, Real Estate, Infrastructure"
Wtf is happening in Bangladesh?,General-Dog4722,62,55,positive,-0.14222943722943723,bangladesh,2025-10-11 19:45:52,"Education, Food/Restaurants, Politics/Government, Technology, Real Estate"
"Energy adviser blames section of politicians, businessmen for crisis in gas sector",Shot-Addendum-809,4,2,positive,0.07083333333333333,bangladesh,2025-10-11 16:30:35,"Career/Jobs, Technology, Real Estate, Infrastructure"
"Need a Part-Time Personal Assistant (Dhaka-Based, Remote)",ovosmans89,10,17,positive,0.08625,bangladesh,2025-10-11 11:54:05,"Career/Jobs, Travel/Tourism, Food/Restaurants, Technology, Real Estate"
[AskMeAnything] Hello CS undergrads and recent grads!,Consistent_Deer5403,8,27,neutral,0.007512626262626262,bangladesh,2025-10-10 18:41:20,"Education, Career/Jobs, Sports, Technology, Real Estate, Infrastructure"
‡¶≠‡ßÇ‡¶Æ‡¶ß‡ßç‡¶Ø‡¶∏‡¶æ‡¶ó‡¶∞‡ßá‡¶∞ ‡¶®‡¶ø‡¶ö‡ßá ‡¶ò‡ßÅ‡¶Æ‡¶ø‡¶Ø‡¶º‡ßá ‡¶Ü‡¶õ‡ßá ‡¶¨‡¶æ‡¶Ç‡¶≤‡¶æ‡¶¶‡ßá‡¶∂ - The Route of No Return | Voice of Dhaka,Asleep-Jellyfish007,1,0,neutral,0.0,bangladesh,2025-10-10 18:24:20,Real Estate
Places to go for a nightout drive in dhaka,Showmik27,8,5,positive,0.18333333333333335,bangladesh,2025-10-10 05:15:19,"Food/Restaurants, Real Estate"
Shia in puran dhaka,Better_tqas,1,0,negative,-0.05416666666666666,bangladesh,2025-10-10 04:56:21,Real Estate
"Help Me Pick a 43"" TV Under 50K Taka (Dhaka Buyers ‚Äî Need Your Real Advice!)",drkaly,3,6,positive,0.22671227581941866,bangladesh,2025-10-09 22:57:19,"Relationships, Shopping/Commerce, Technology, Real Estate"
Bangladeshi cuisine,No-Plate-113,11,10,positive,0.0989996693121693,bangladesh,2025-10-09 14:52:16,"Education, Career/Jobs, Relationships, Health/Medical, Travel/Tourism, Shopping/Commerce, Food/Restaurants, Technology, Real Estate"
Seeking tour guidance,Certain-Chemical470,6,3,positive,0.08298319327731093,bangladesh,2025-10-08 05:22:02,"Career/Jobs, Relationships, Travel/Tourism, Technology, Real Estate"
‚ÄúHave 5 mins? Help a fellow student finish his thesis on AI in education üòÖ‚Äù,Cautious-Ad8495,4,0,positive,0.08285714285714287,bangladesh,2025-10-08 04:56:19,"Education, Career/Jobs, Travel/Tourism, Food/Restaurants, Technology, Real Estate, Infrastructure"
Safe areas to rent for a few days in Dhaka,HappyBlackbirdLOL,2,1,positive,0.15000000000000002,bangladesh,2025-10-07 21:26:58,"Technology, Real Estate, Infrastructure"
Horrible experience at Dhaka to Dubai flight with emirates,Former-Type1623,63,35,negative,-0.5701388888888889,bangladesh,2025-10-07 17:09:50,"Travel/Tourism, Technology, Real Estate, Infrastructure"
How does the stock market work in Bangladesh? (Beginner here),EngineWinter9286,4,0,positive,0.1464646464646465,bangladesh,2025-10-07 02:28:20,"Career/Jobs, Shopping/Commerce, Technology, Real Estate"
Booze: DHK or COX,YourFavNemesis,2,1,neutral,0.05,bangladesh,2025-10-06 16:55:22,"Shopping/Commerce, Real Estate"
"I'm looking for the absolute best ISP for online gaming in Shewrapara, Mirpur Dhaka. Don't suggest Dot , absolute Garbage.",GunsAndRozer,2,0,positive,0.3052083333333333,bangladesh,2025-10-06 13:29:39,"Sports, Technology, Real Estate"
Lovely people with tats! Show off!,Sea_Conversation123,4,27,positive,0.565625,bangladesh,2025-10-06 08:55:08,"Relationships, Technology, Real Estate"
I (26M) was invited to Bangladesh by someone I met while traveling,Fantastic_Dust_5926,44,21,positive,0.11171536796536796,bangladesh,2025-10-06 07:18:15,"Relationships, Travel/Tourism, Sports, Technology, Real Estate"
I think I finally understand why Indians get so much hate and why many Bangladeshis dislike them,forgotten-daoist,313,139,neutral,-0.06362179487179488,bangladesh,2025-10-05 23:09:24,"Technology, Real Estate"
Looking for a Bengali &amp; Turkish-speaking local guide in Dhaka üáßüá©üáπüá∑,Erenymk1017,4,2,positive,0.06666666666666667,bangladesh,2025-10-05 21:56:34,"Travel/Tourism, Shopping/Commerce, Real Estate"
Looking for info about British Council Bangladesh IELTS courses and teacher training,imtiaz_12,2,3,neutral,0.03725490196078431,bangladesh,2025-10-05 19:41:32,"Education, Career/Jobs, Shopping/Commerce, Technology, Real Estate, Infrastructure"
Can I take my vape,NefariousnessThat317,0,13,positive,0.09444444444444444,bangladesh,2025-10-04 13:23:06,"Career/Jobs, Travel/Tourism, Technology, Real Estate"
Safe places for Bangladeshi girl expats to live in Dhaka for a month?,motiontosleep,6,14,positive,0.23409090909090907,bangladesh,2025-10-03 18:08:57,"Travel/Tourism, Real Estate"
Is it high time we should detach ourselves from this cursed country?,Due_Butterfly_2114,24,12,positive,0.16416666666666668,bangladesh,2025-10-03 13:29:44,"Career/Jobs, Technology, Real Estate, Infrastructure"
Any Duolingo users here in Dhaka?,Far-Following3742,7,11,positive,0.0625,bangladesh,2025-10-02 01:17:53,"Relationships, Real Estate"
Can you suggest me the best ISP (Internet Service Provider) in Dhaka,Mindless_Rest_9284,2,2,neutral,0.5,bangladesh,2025-10-01 16:10:59,"Technology, Real Estate"
HOW TO GET INDIAN MEDICAL VISA AT PRESENT,joysutradhar_,5,9,neutral,0.022670068027210888,bangladesh,2025-10-01 11:14:41,"Health/Medical, Travel/Tourism, Food/Restaurants, Politics/Government, Technology, Real Estate"
Help Needed: Retailer Not Returning IPS Battery Under Warranty,d33pblu7,2,1,positive,0.08125,bangladesh,2025-09-30 22:51:09,"Career/Jobs, Travel/Tourism, Shopping/Commerce, Technology, Real Estate, Infrastructure"
What are some of the best places for Street Photography in Dhaka? (Excluding Sadarghat),new-grizzly,3,2,positive,0.6125,bangladesh,2025-09-29 18:43:07,"Food/Restaurants, Technology, Real Estate"
HOW TO GET INDIAN MEDICAL VISA AT PRESENT [ Im frustratedüò´ ],joysutradhar_,6,3,neutral,0.022670068027210888,bangladesh,2025-09-28 11:52:33,"Health/Medical, Travel/Tourism, Food/Restaurants, Politics/Government, Technology, Real Estate"
Suggest a authentic Notary agency,dark_98_rider,5,0,neutral,0.25,bangladesh,2025-09-28 11:10:48,"Politics/Government, Real Estate"
"No friends, loosing sanity",iam_tourist,8,5,negative,-0.09046527777777777,bangladesh,2025-09-27 22:38:54,"Career/Jobs, Relationships, Travel/Tourism, Sports, Technology, Real Estate"
Good knee specialist in Dhaka?,DeltaOmega88,4,5,positive,0.7,bangladesh,2025-09-27 11:05:38,"Health/Medical, Politics/Government, Technology, Real Estate, Infrastructure"
"Indian Visiting Dhaka, suggestions?",integer_tostring,2,12,positive,0.08373015873015872,bangladesh,2025-09-27 05:50:22,"Career/Jobs, Relationships, Travel/Tourism, Food/Restaurants, Real Estate"
Bachelors And Dhaka!,SuspectSuspecious_,3,2,positive,0.11319444444444444,bangladesh,2025-09-27 05:48:42,"Food/Restaurants, Real Estate"
BSF Push In: How an Assamese woman ended up in a slum in Dhaka,yasserius,7,2,neutral,0.0,bangladesh,2025-09-26 13:02:58,Real Estate
One of my relative's liver is failing and doctor has suggested liver transplantation. Any suggestions???,MushfiqurRF,5,3,neutral,0.020803571428571428,bangladesh,2025-09-26 02:11:35,"Health/Medical, Travel/Tourism, Technology, Real Estate"
Travel during elections,EstablishmentBrief90,5,3,positive,0.09375,bangladesh,2025-09-24 22:29:20,"Travel/Tourism, Politics/Government, Real Estate"
How to stay safe in Dhaka while doing UG,Worth-Gene,23,17,neutral,0.25606060606060604,bangladesh,2025-09-24 16:31:11,"Education, Travel/Tourism, Real Estate"
Where to buy ladies western clothing in Dhaka? Wide pants and shirts.,ElNinoMaravilla,7,14,positive,0.20833333333333331,bangladesh,2025-09-23 20:22:47,"Shopping/Commerce, Real Estate"
Seeking advice to get rid of excessive sweating,ais_21,8,14,neutral,-0.10064102564102564,bangladesh,2025-09-23 11:53:52,"Relationships, Health/Medical, Food/Restaurants, Technology, Real Estate"
Need suggestions for trusted shipping agents from China to Bangladesh,Drawing-Live,8,10,positive,0.08750000000000002,bangladesh,2025-09-22 16:40:41,"Shopping/Commerce, Technology, Real Estate"
Scene of Dhaka in 1958.,TasinMAHDI,9,4,neutral,0.0,bangladesh,2025-09-22 14:36:33,Real Estate
Travel video ideas?,clarkeanator,2,3,positive,0.07651515151515152,bangladesh,2025-09-22 03:34:27,"Travel/Tourism, Technology, Real Estate"
Where to buy airguns in Dhaka?,Initial-Read4305,3,0,neutral,0.0,bangladesh,2025-09-21 23:58:39,"Shopping/Commerce, Technology, Real Estate"
"Dear Bangladeshi brothers, please take care not to harm us",SquarePromise2707,67,36,positive,0.06465617715617716,bangladesh,2025-09-21 16:28:52,"Education, Career/Jobs, Technology, Real Estate, Infrastructure"
"How is the situation in Dhaka right now for moderate, agnostic/atheist women? Coming from a Bangladeshi immigrant woman who left in 2012 and hasn‚Äôt been back for an extended period of time since",nymeria_the_direwolf,25,17,neutral,0.054464285714285715,bangladesh,2025-09-21 08:01:11,"Technology, Real Estate"
How do you manage your budget in Dhaka with Family and mid level pay?,UnlikelySecret2629,9,2,neutral,0.0,bangladesh,2025-09-20 15:01:45,"Career/Jobs, Real Estate"
Is my college worth it?,cocodew77,2,3,positive,0.28035714285714286,bangladesh,2025-09-20 12:18:11,"Education, Politics/Government, Technology, Real Estate"
IELTS exam center,Ok_Masterpiece_2336,2,2,neutral,-0.010000000000000009,bangladesh,2025-09-20 00:09:54,"Education, Real Estate"
Where I can find hot wheels in dhaka?,carefree_victory,3,0,positive,0.2875,bangladesh,2025-09-19 00:18:16,"Shopping/Commerce, Real Estate"
Kitten Rescue Urgent!!!!,mahin1374,6,2,positive,0.0834710743801653,bangladesh,2025-09-18 12:12:03,"Food/Restaurants, Real Estate, Infrastructure"
E bike questions,Own-Cranberry-324,3,4,positive,0.06959728867623605,bangladesh,2025-09-17 23:06:45,"Travel/Tourism, Shopping/Commerce, Technology, Real Estate"
Name Correction Affidavit Process for SSC and HSC Certificates - Need Some Guidance,Select-Day-873,4,0,neutral,0.0,bangladesh,2025-09-17 18:20:16,"Education, Career/Jobs, Politics/Government, Technology, Real Estate"
Dhaka Birdwatching ‡¶¢‡¶æ‡¶ï‡¶æ‡¶Ø‡¶º ‡¶¨‡¶æ‡¶∞‡ßç‡¶°‡¶ì‡¶Ø‡¶º‡¶æ‡¶ö‡¶ø‡¶Ç,Macula-Densa,8,3,positive,0.0875,bangladesh,2025-09-17 06:28:36,"Travel/Tourism, Technology, Real Estate"
On arrival visa @Dhaka Airport,bangalimahbub,2,4,neutral,0.05,bangladesh,2025-09-17 02:32:52,"Travel/Tourism, Technology, Real Estate"
New at Narayanganj City &amp; Help me Survive,No_Firefighter_4964,2,10,positive,0.15166546416546417,bangladesh,2025-09-15 14:13:20,"Career/Jobs, Relationships, Food/Restaurants, Real Estate"
Need help finding Platform/Elevator shoes,rejuk70kg,3,2,neutral,-0.049999999999999996,bangladesh,2025-09-14 11:05:09,"Shopping/Commerce, Real Estate"
About freetime,Sungodnika04,12,23,positive,0.13749999999999998,bangladesh,2025-09-14 00:24:20,"Education, Technology, Real Estate, Infrastructure"
Gift Suggestion,Midnight-Syntax_007,4,5,positive,0.21750000000000003,bangladesh,2025-09-13 21:02:44,"Relationships, Shopping/Commerce, Real Estate"
Gift Suggestion,Midnight-Syntax_007,0,1,positive,0.21750000000000003,bangladesh,2025-09-13 01:29:48,"Relationships, Shopping/Commerce, Real Estate"
Kinda proud of this pic I took a couple of days ago,ComfyNeo,81,7,negative,0.2388888888888889,bangladesh,2025-09-12 20:30:31,"Relationships, Technology, Real Estate, Infrastructure"
"Bangla gamers, any advice for a ps5 player?",ComfyNeo,3,5,positive,0.05833333333333333,bangladesh,2025-09-12 19:47:24,"Sports, Technology, Real Estate"
"Affordable, quiet and green: Electric shuttle buses set a model for Dhaka‚Äôs residential areas",Alone-Attention-2139,9,2,neutral,-0.05,bangladesh,2025-09-12 19:17:18,"Real Estate, Infrastructure"
DUCSU 2025 - Analysis Of Shibir's Landslide Victory And Aftermath,fogrampercot,12,13,positive,0.06007982249010952,bangladesh,2025-09-12 03:40:24,"Education, Career/Jobs, Relationships, Health/Medical, Shopping/Commerce, Food/Restaurants, Politics/Government, Sports, Technology, Real Estate, Infrastructure"
Best place to get highest quality BD cricket jerseys?,DeltaOmega88,4,4,positive,0.5899891774891775,bangladesh,2025-09-11 21:20:28,"Sports, Technology, Real Estate"
Khuni ekhono tar laash ke bhalobashe,KopaShamsur,3,10,negative,-0.1875,bangladesh,2025-09-11 20:25:07,"Education, Politics/Government, Real Estate"
Dhaka Foreign customs held my product,Fun-Middle-1660,2,1,neutral,-0.0625,bangladesh,2025-09-11 08:35:48,"Shopping/Commerce, Real Estate"
If you seek fund for your school/college/university education you may knock me,RunAffectionate1997,9,3,positive,0.09333333333333332,bangladesh,2025-09-11 02:36:50,"Education, Career/Jobs, Shopping/Commerce, Technology, Real Estate, Infrastructure"
Can I study BSc in Computer Science in Australia with a 4-year Diploma in Engineering (Computer Science &amp; Technology)?,ArthurXP002,5,2,neutral,0.025684261974584552,bangladesh,2025-09-11 02:13:35,"Education, Food/Restaurants, Politics/Government, Technology, Real Estate"
Why Shibir-backed candidates won the Ducsu polls,Alone-Attention-2139,8,1,neutral,-0.013333333333333334,bangladesh,2025-09-10 23:04:53,"Education, Career/Jobs, Politics/Government, Technology, Real Estate"
"""baap ka beta, sipahi ka ghora""",KopaShamsur,47,6,positive,0.11904761904761905,bangladesh,2025-09-10 19:42:06,"Education, Politics/Government, Real Estate"
Dhaka Elevated Expressway Friday Afternoon Drive,Strict-Relief515,2,1,positive,0.13333333333333333,bangladesh,2025-09-10 18:49:09,Real Estate
Best psychologist in Dhaka under budget,Puzzleheaded-Hat6548,2,0,neutral,0.5,bangladesh,2025-09-10 15:37:08,Real Estate
Seeking,Budget-Row9313,2,2,negative,-0.055519480519480524,bangladesh,2025-09-10 14:32:14,"Education, Relationships, Real Estate"
suggest gray/moody aesthetic restaurant in dhaka,No_idea_duh,3,0,positive,0.23333333333333334,bangladesh,2025-09-09 19:03:54,"Food/Restaurants, Real Estate"
Attempt BCS or Try to move abroad ?,weirdcomponent,10,12,neutral,0.024839743589743588,bangladesh,2025-09-09 12:58:37,"Education, Career/Jobs, Technology, Real Estate, Infrastructure"
How do you consistently help yourself to be good all alone?,dhonbolsen,9,5,neutral,0.2439112103174603,bangladesh,2025-09-08 20:49:06,"Career/Jobs, Technology, Real Estate, Infrastructure"
Dhaka na Kolkata,RazzmatazzStrict,2,0,neutral,0.0,bangladesh,2025-09-08 19:25:17,Real Estate
Why do our national subreddits have such low member counts?,the-machine-m4n,53,85,positive,0.08333333333333333,bangladesh,2025-09-08 19:21:39,"Technology, Real Estate"
What if Sam Hargrave's Extraction had a Bangladeshi cast,Puzzled-Horse279,2,0,neutral,0.049326880284824196,bangladesh,2025-09-08 18:40:12,"Career/Jobs, Relationships, Shopping/Commerce, Food/Restaurants, Politics/Government, Sports, Technology, Real Estate"
Advice on purchasing domestic air ticket?,theuptownpunk,2,3,positive,0.16499999999999998,bangladesh,2025-09-08 14:42:17,"Travel/Tourism, Shopping/Commerce, Technology, Real Estate"
Backpacking Bangladesh,BriefVeterinarian106,6,6,positive,0.14812091503267974,bangladesh,2025-09-08 13:56:13,"Relationships, Travel/Tourism, Real Estate"
‡¶°‡¶æ‡¶ï‡¶∏‡ßÅ ‡¶è‡¶¨‡¶Ç ‡¶Ö‡¶®‡ßç‡¶Ø‡¶æ‡¶®‡ßç‡¶Ø ‡¶®‡¶ø‡¶∞‡ßç‡¶¨‡¶æ‡¶ö‡¶®‡ßá ‡¶õ‡¶æ‡¶§‡ßç‡¶∞ ‡¶∂‡¶ø‡¶¨‡¶ø‡¶∞‡¶ï‡ßá ‡¶≠‡ßã‡¶ü ‡¶¶‡¶ø‡¶¨‡ßá‡¶® ‡¶Ø‡ßá ‡¶ï‡¶æ‡¶∞‡¶£‡ßá,fogrampercot,83,41,neutral,0.0,bangladesh,2025-09-07 20:15:02,"Education, Politics/Government, Real Estate"
"Bangladesh, India to hold talks in Delhi on Ganges water-sharing treaty on Tuesday",Alone-Attention-2139,5,0,negative,-0.09583333333333333,bangladesh,2025-09-07 19:30:07,"Food/Restaurants, Technology, Real Estate"
Therapists in Dhaka that offer services in English,bagpurchaser,3,1,neutral,0.0,bangladesh,2025-09-07 16:06:10,Real Estate
Need advice: finding it hard to deal with my mindset about women,OrneryExpression6918,11,65,neutral,-0.11141581632653062,bangladesh,2025-09-07 11:48:28,"Education, Relationships, Health/Medical, Food/Restaurants, Technology, Real Estate"
Dhaka Awaits Opening Of Century-Old Diamond Vault | Asia One News,maifee,2,0,neutral,0.0,bangladesh,2025-09-06 11:51:52,"Technology, Real Estate"
seeking advice about taking a decision in life,ArachnidMotor1538,4,5,positive,0.11125,bangladesh,2025-09-06 02:38:21,"Education, Career/Jobs, Food/Restaurants, Technology, Real Estate"
Decent Bars in Dhaka,mid20sman,13,7,positive,0.23958333333333331,bangladesh,2025-09-05 14:24:33,"Career/Jobs, Food/Restaurants, Real Estate"
Why is Dhaka so trafficy?,Viv3lafranc3,2,1,neutral,0.0,bangladesh,2025-09-05 09:06:21,"Health/Medical, Politics/Government, Real Estate, Infrastructure"
Need advice on English spoken proficiency,Saitama2042,3,3,neutral,0.027604166666666666,bangladesh,2025-09-05 00:15:35,"Education, Career/Jobs, Sports, Technology, Real Estate, Infrastructure"
Advice please,aabrarwho,3,0,neutral,0.0,bangladesh,2025-09-04 13:13:04,"Education, Politics/Government, Real Estate, Infrastructure"
Which steak house is the best in Dhaka...,Cryptographer47051,5,2,positive,0.75,bangladesh,2025-09-03 20:00:53,Real Estate
What if Dhaka was abandoned and nature took it back? üåø A mysterious AI short film I made,Competitive-Essay798,0,16,positive,0.07883522727272727,bangladesh,2025-09-03 18:18:57,"Relationships, Food/Restaurants, Politics/Government, Technology, Real Estate, Infrastructure"
Need to rush the process of name changing in SSC &amp; HSC certificates !!!,Key_Astronaut_7893,2,1,positive,0.05568181818181817,bangladesh,2025-09-03 00:44:10,"Education, Relationships, Food/Restaurants, Politics/Government, Technology, Real Estate, Infrastructure"
How to check if my unofficial phone is new or not?,PilotHere,3,2,neutral,0.06818181818181818,bangladesh,2025-09-02 17:19:37,"Shopping/Commerce, Technology, Real Estate"
Are there any restaurants in Puran Dhaka that serve good bengali pork dishes?,DoodhBhaat,2,9,neutral,0.35,bangladesh,2025-09-01 20:54:59,"Food/Restaurants, Real Estate"
Best perfumes to wear in Dhaka,Rapid47,2,1,neutral,0.5,bangladesh,2025-08-31 16:13:30,Real Estate
Upgrading my iPhone 12 Pro ‚Äì advice on shops &amp; price in Dhaka,Intelligent-Delay-95,2,0,positive,0.08750000000000001,bangladesh,2025-08-31 11:37:33,"Health/Medical, Shopping/Commerce, Technology, Real Estate"
"Unseen photographs of people struggling for liberation in 1971, which resulted in the creation of a sovereign Bangladesh.",TasinMAHDI,24,5,neutral,0.005882352941176466,bangladesh,2025-08-29 16:56:51,"Education, Health/Medical, Shopping/Commerce, Food/Restaurants, Sports, Technology, Real Estate, Infrastructure"
Safe to visit Bangladesh as a Pakistani?,Fondant_Decent,32,40,positive,0.375,bangladesh,2025-08-29 16:02:21,"Relationships, Travel/Tourism, Real Estate"
Is it possible to go to Dhaka by boat from Chittagong?,siam19,2,2,neutral,0.025,bangladesh,2025-08-29 09:14:33,Real Estate
"Looking for sources of high quality chains, hoops &amp; metals for jewellery making",nanjeba_borno,2,0,positive,0.21574074074074073,bangladesh,2025-08-28 13:51:24,"Shopping/Commerce, Technology, Real Estate"
Want to enjoy Dhaka,Mysterious_Natural55,4,4,positive,0.33745265151515147,bangladesh,2025-08-28 06:03:38,"Relationships, Travel/Tourism, Food/Restaurants, Technology, Real Estate, Infrastructure"
"I'm not sure if it is only me, but the sky-summit level of MRT line 6 sort of made Dhaka look more modern.",Comfortable-Table-57,1,0,positive,0.18225,bangladesh,2025-08-28 03:33:46,"Career/Jobs, Technology, Real Estate"
"Today's editorials in Pakistan's Dawn (""Ties That Bind"") and Tribune (""Reset with Dhaka"") on the FM‚Äôs BD visit expose their mindset. Both dismiss 1971 as a mere ""tragedy,"" avoiding true apology for genocide. Not shockingly, their tone mirrors their own collaborators‚Äô stance!",TasinMAHDI,106,32,neutral,0.1375,bangladesh,2025-08-27 09:07:55,"Travel/Tourism, Real Estate"
"Where to shop in Dhaka for skirts, tops &amp; three-pieces?",Winter-Fig-4104,2,1,positive,0.23750000000000002,bangladesh,2025-08-27 00:44:50,"Shopping/Commerce, Real Estate"
"Dhaka &amp; Chittagong Airports are major hub for drugs,Gold trafficking in south east Asia! We are seeing tip of the iceberg in regards of seizing Drugs &amp; Gold!",Asleep-Jellyfish007,6,2,neutral,0.048828125,bangladesh,2025-08-26 21:14:34,"Travel/Tourism, Technology, Real Estate, Infrastructure"
"Dhaka, Bangladesh",VapeyMoron,53,9,neutral,0.0,bangladesh,2025-08-25 23:30:45,Real Estate
BRAC University‚Äôs Architecture requirements feel kinda unusual,CapsLockChaos,1,4,negative,0.04107142857142858,dhaka,2025-11-19 22:28:22,"Education, Technology, Real Estate"
Explain this Bangladeshi Economy and Market related question to a less educated person.,Forgotten_Seriously,1,0,neutral,-0.033796296296296297,dhaka,2025-11-19 22:22:43,"Shopping/Commerce, Technology"
Where can I download my SSC &amp; HSC marksheets online?,Acceptable-One-7793,1,1,neutral,0.0,dhaka,2025-11-19 21:46:36,"Education, Technology"
Best Soup in town?,Almostfamous_02,3,3,positive,0.7294642857142857,dhaka,2025-11-19 21:14:31,"Food/Restaurants, Real Estate"
Let's talk about new year resolutions,theboyisdivine,1,9,positive,0.17909090909090908,dhaka,2025-11-19 21:06:28,Other
"Favourite Restaurants in Dhanmondi, Panthapath, Elephant Road.",999baseballs,2,5,neutral,0.0,dhaka,2025-11-19 20:41:37,"Food/Restaurants, Technology, Infrastructure"
Book recommendation on music theory,Rough_Insurance6722,4,1,neutral,0.0,dhaka,2025-11-19 20:32:49,Other
Need Someone,cxcuser,0,14,neutral,0.0,dhaka,2025-11-19 20:16:26,"Health/Medical, Technology"
Need someone,Unusual-Bit-6296,8,39,neutral,0.0,dhaka,2025-11-19 19:32:54,Other
I Just hate how most Bangladeshi people just cannot think rationally,Crowned_XD,21,6,neutral,-0.07715579710144928,dhaka,2025-11-19 19:18:07,"Education, Career/Jobs, Shopping/Commerce, Food/Restaurants, Technology, Real Estate"
Where in Dhaka can I get these Chunky Penny Loafers and Men's long wallet in best price?,Mikoyane,3,5,neutral,0.2375,dhaka,2025-11-19 19:09:52,"Shopping/Commerce, Real Estate"
Fb page posting pics of women without consent,jasontoddloverr,23,11,negative,-0.36666666666666664,dhaka,2025-11-19 18:36:52,Other
Best dermatologist in DHAKA for Fungal infection (Tinia Cruris),OpenBelt8195,3,2,neutral,0.55,dhaka,2025-11-19 18:28:22,"Health/Medical, Food/Restaurants, Real Estate"
Best online physics course for HSC students in Bangladesh?,No_Arrival_9355,2,4,positive,0.706060606060606,dhaka,2025-11-19 18:14:45,"Education, Technology"
TRAVEL CLUBS,Mundane-Apartment-10,4,3,neutral,0.04296875,dhaka,2025-11-19 17:46:38,"Relationships, Travel/Tourism, Food/Restaurants"
Have anyone face this issue with uber?,readit_bd,3,2,neutral,0.012500000000000002,dhaka,2025-11-19 17:38:29,"Health/Medical, Travel/Tourism, Sports, Technology, Real Estate"
Have you used the ALLJOBS service by Teletalk? This is such a buggy website / app. I can't login to my account for the past 1 hour,the-machine-m4n,1,0,neutral,-0.0625,dhaka,2025-11-19 17:37:08,"Career/Jobs, Technology"
Where to sell perfume?,ElectronicValue8056,3,8,positive,0.09285714285714286,dhaka,2025-11-19 17:29:07,"Travel/Tourism, Shopping/Commerce"
Need suggestions,diviaterun,2,5,neutral,-0.022222222222222216,dhaka,2025-11-19 16:50:52,Technology
Please Help Me Regarding Sunglasses!!,SpinachDesigner3346,0,3,neutral,0.03409090909090909,dhaka,2025-11-19 16:37:38,"Shopping/Commerce, Food/Restaurants, Real Estate"
Any BUTEXIAN ?,Funny-Ad-2513,0,2,neutral,0.0,dhaka,2025-11-19 16:14:49,Other
Let's talk and do something,Top-Slide-4095,6,34,neutral,0.0,dhaka,2025-11-19 16:02:01,Other
Advice,DriveHeavy5045,7,9,neutral,-0.041666666666666664,dhaka,2025-11-19 15:55:58,Relationships
Syllabus Completion Problem,rion__2036,3,4,positive,0.11076388888888893,dhaka,2025-11-19 15:55:44,"Education, Food/Restaurants, Infrastructure"
Need Relationship advice,TacoChair07,11,16,positive,0.16805555555555557,dhaka,2025-11-19 15:44:32,"Relationships, Food/Restaurants, Technology"
Does this look like a Hindu goddess?,Infinite-Sector-8694,151,200,positive,0.05714285714285715,dhaka,2025-11-19 15:22:51,Technology
Need information about ordering something,Astral_Modulator709,3,4,neutral,0.0,dhaka,2025-11-19 15:18:35,"Shopping/Commerce, Technology"
gift for cousins from australia (and restaurant recs),sleepislife25,6,26,positive,0.08214285714285714,dhaka,2025-11-19 15:18:26,"Travel/Tourism, Food/Restaurants, Technology"
Entrepreneurship &amp; Sales  Book Suggestions !,anderslio9,2,3,positive,0.11499999999999999,dhaka,2025-11-19 14:53:02,"Relationships, Shopping/Commerce"
‡¶è‡¶á ‡¶ü‡¶æ‡¶á‡¶™ ‡¶™‡ßç‡¶Ø‡¶æ‡¶®‡ßç‡¶ü ‡¶ï‡ßã‡¶•‡¶æ‡ßü ‡¶™‡¶æ‡¶¨‡ßã?,Puzzleheaded-Hat6548,13,15,neutral,0.0,dhaka,2025-11-19 14:32:12,Other
Need help from BBA students,Outside_Raspberry587,2,1,neutral,0.0,dhaka,2025-11-19 13:48:30,Education
Taking A levels as a private candidate,Upper-Berry213,7,13,positive,0.125,dhaka,2025-11-19 13:30:13,"Education, Career/Jobs, Relationships, Health/Medical, Politics/Government, Technology"
anxious about future,frustratedcigs,5,10,neutral,-0.0625,dhaka,2025-11-19 12:49:23,Other
need study partner,Diligent_Hunt7245,3,0,neutral,0.0,dhaka,2025-11-19 12:41:47,Education
üéØ Join Our Freelance Transcription Team at Quantigo AI!,Academic_Flamingo250,0,0,positive,0.10739583333333336,dhaka,2025-11-19 12:30:47,"Education, Career/Jobs, Food/Restaurants, Sports, Technology, Real Estate"
National bank,No_Tailor2427,3,1,negative,-0.25,dhaka,2025-11-19 11:38:06,Technology
Male waxing,BreakfastAutomatic52,12,25,positive,0.0875,dhaka,2025-11-19 11:33:44,Real Estate
any pharmacy owners here?,Plastic_Comedian_615,1,9,neutral,0.0,dhaka,2025-11-19 11:06:36,Other
Recommend a watch for men,Ok_Temperature1414,7,23,positive,0.125,dhaka,2025-11-19 10:16:02,Other
Dhanmondi Lake this morning ‚Äî who else loves morning walks here,Embarrassed-Law6338,16,3,neutral,0.0,dhaka,2025-11-19 10:00:33,Relationships
Denim jeans,CalligrapherWest4585,3,8,neutral,0.03504709576138147,dhaka,2025-11-19 09:20:42,Shopping/Commerce
Online platforms where I can buy used smartphones,superkafooo,4,4,positive,0.16111111111111112,dhaka,2025-11-19 08:57:06,"Shopping/Commerce, Technology"
Radiohead hoodie,Individual-Ad-9678,3,1,neutral,0.0,dhaka,2025-11-19 07:53:30,"Shopping/Commerce, Real Estate"
A level CAIE,Hot-Effective5484,3,2,neutral,0.018750000000000003,dhaka,2025-11-19 07:29:04,"Education, Career/Jobs, Shopping/Commerce, Technology, Infrastructure"
Is mbbs from Bangladesh worth it??,timespaceweb,18,34,neutral,0.19642857142857142,dhaka,2025-11-19 07:24:51,"Education, Health/Medical"
BNP er good side ashole ki?,hackerbong,4,43,neutral,0.35,dhaka,2025-11-19 06:55:58,Politics/Government
Attempting to Resell My Ticket,meetnyself,1,0,neutral,0.036111111111111115,dhaka,2025-11-19 05:20:07,"Travel/Tourism, Shopping/Commerce, Real Estate"
Getting Euro payments as a Bangladeshi,Alfred_Pithu,3,4,positive,0.0666219008264463,dhaka,2025-11-19 04:56:44,"Career/Jobs, Politics/Government, Technology"
Smartphone without AI features?,Outrageous-Being7136,7,4,positive,0.05454545454545455,dhaka,2025-11-19 01:16:41,"Career/Jobs, Food/Restaurants, Technology"
Suggest a good doctor for treating hairfall,UnicornFromAlaska,3,4,neutral,0.32499999999999996,dhaka,2025-11-19 01:01:40,"Career/Jobs, Relationships, Health/Medical, Shopping/Commerce, Food/Restaurants, Technology, Real Estate"
Visiting Dhaka - looking for recommendations,RealZubidoo,2,2,positive,0.14833333333333334,dhaka,2025-11-19 01:00:32,"Career/Jobs, Travel/Tourism, Shopping/Commerce, Food/Restaurants, Technology, Real Estate, Infrastructure"
Shopping,PostHoliday9789,4,4,positive,0.13,dhaka,2025-11-19 01:00:26,Shopping/Commerce
where to fix roadbikes?,DrySuspect5165,2,2,neutral,0.0,dhaka,2025-11-19 00:58:35,Infrastructure
Life mistakes..,RadoanIslamEthan,10,7,negative,-0.16666666666666663,dhaka,2025-11-19 00:41:11,Real Estate
To the US and Europe Based BD community,Left-Homework-6650,3,4,positive,0.08839285714285713,dhaka,2025-11-19 00:06:45,"Career/Jobs, Relationships, Shopping/Commerce, Food/Restaurants, Technology, Real Estate, Infrastructure"
Dad's Birthday,unfrared,6,3,positive,0.11666666666666665,dhaka,2025-11-19 00:02:43,Food/Restaurants
Dhaka's traffic is getting worse and no one seems to care,StockholmSyndrome_69,23,14,negative,-0.2683333333333333,dhaka,2025-11-18 23:46:19,"Politics/Government, Real Estate, Infrastructure"
Is Ali2BD reliable?,SalaryImpressive7469,13,15,negative,-0.14375000000000002,dhaka,2025-11-18 23:21:16,Shopping/Commerce
How do i pass HSC ICT?,nimbus2346,1,42,negative,-0.16999999999999998,dhaka,2025-11-18 22:55:55,"Education, Health/Medical, Technology"
Suggest stores to buy unofficial iphone,amnesia_luck,3,10,positive,0.35,dhaka,2025-11-18 22:47:02,"Shopping/Commerce, Technology"
are actually reliable birth control pills available in this city?,Proof-Mousse6951,6,9,neutral,0.1,dhaka,2025-11-18 22:21:13,Technology
Bangladesh is severely lacking in Public Libraries and overall access to books.,Honest_Ad_6090,55,38,neutral,0.03525999793856937,dhaka,2025-11-18 21:43:20,"Education, Career/Jobs, Politics/Government, Technology"
Keychains,AffectionateTie8130,4,6,neutral,0.0,dhaka,2025-11-18 21:35:47,"Shopping/Commerce, Technology"
20(F),cat-woman2005,0,11,negative,-0.08333333333333333,dhaka,2025-11-18 21:33:59,Career/Jobs
Is there anything I can bring from Germany and sell at a profit in Bangladesh?,United-Road-7338,2,3,neutral,0.0,dhaka,2025-11-18 21:07:32,"Travel/Tourism, Shopping/Commerce"
How much marks and where my placement should be if I want to get IR (international relation) in BUP FSSS?,Levi_BD,1,0,neutral,0.04487179487179486,dhaka,2025-11-18 20:49:31,"Education, Relationships, Technology, Real Estate"
Bangladeshi women should stop settling for less. We are enabling these losers,QuietSuccessfull,149,336,positive,-0.00779478458049887,dhaka,2025-11-18 20:37:15,"Relationships, Health/Medical, Food/Restaurants, Sports, Technology"
Cloudflare Blocked?,aunnyglitch,20,27,positive,0.25,dhaka,2025-11-18 20:05:29,"Career/Jobs, Technology"
A little support!,jasontoddloverr,2,3,neutral,-0.15437499999999998,dhaka,2025-11-18 20:05:16,Technology
Is this flight connection too risky? Need advice.,meetnyself,1,4,neutral,-0.04866071428571429,dhaka,2025-11-18 19:57:03,"Travel/Tourism, Technology, Real Estate"
How to make greek yogurt from Aarong tok doi? Please help,Resident_Ad9808,5,16,neutral,0.0,dhaka,2025-11-18 19:33:56,Other
Asking for suggestion for male skincare product,_t_gallant_,4,4,positive,0.11874999999999998,dhaka,2025-11-18 19:30:59,"Education, Shopping/Commerce"
Streaming App,Ark_rivia,1,3,negative,-0.0625,dhaka,2025-11-18 19:21:27,"Career/Jobs, Sports, Technology"
New year resolution suggestions,Famous_Meringue1818,6,10,positive,0.19602272727272727,dhaka,2025-11-18 19:15:22,Other
Hasina's death sentence,Ok_Big530,0,6,positive,0.08887987012987011,dhaka,2025-11-18 19:13:19,"Food/Restaurants, Politics/Government"
Dhaka-Chittagong highway speedcam?,Reedditcdi,3,3,neutral,-0.036250000000000004,dhaka,2025-11-18 19:07:11,"Career/Jobs, Real Estate, Infrastructure"
Men beauty,Mobile_Hearing5882,26,98,neutral,0.0,dhaka,2025-11-18 18:27:44,Other
BD domestic flights,zsk471,2,3,neutral,-0.0203125,dhaka,2025-11-18 17:07:13,"Travel/Tourism, Shopping/Commerce, Technology, Real Estate"
Government of the pressure group by the pressure group for the pressure group,RazzmatazzStrict,3,2,neutral,0.013312902375402374,dhaka,2025-11-18 16:45:54,"Career/Jobs, Shopping/Commerce, Food/Restaurants, Politics/Government, Technology, Real Estate, Infrastructure"
All you can eat Buffet,whatevermeme,19,25,positive,0.5,dhaka,2025-11-18 16:44:34,"Food/Restaurants, Real Estate"
Bank loan,Previous-Chocolate99,3,8,neutral,0.05,dhaka,2025-11-18 16:40:47,"Career/Jobs, Technology"
Dinner Set &amp; Womens Jewellery,Careful_Storm_3665,3,6,positive,0.22624999999999998,dhaka,2025-11-18 16:36:12,"Shopping/Commerce, Politics/Government, Technology, Real Estate"
Software engineering,PotatoMoney6765,3,9,positive,0.14285714285714285,dhaka,2025-11-18 15:08:37,"Education, Technology"
do ways of making money online really exist? i need serious help. (please no khalid farhan type of advice),unplugged_________,10,19,neutral,-0.013986592111592106,dhaka,2025-11-18 14:43:46,"Career/Jobs, Shopping/Commerce, Politics/Government, Technology"
Give me your top ragebait,Ok_Temperature1414,23,69,positive,0.4,dhaka,2025-11-18 14:13:12,Technology
Need hotel recommendations in Banani - unmarried couple,ArthurMorgan_47,16,51,neutral,0.0050925925925925965,dhaka,2025-11-18 13:59:43,"Relationships, Food/Restaurants"
I'm curious,Deep_While_3960,2,2,positive,0.075,dhaka,2025-11-18 13:48:18,Shopping/Commerce
‡¶ú‡¶æ‡¶∞‡ßç‡¶®‡¶æ‡¶≤‡¶ø‡¶Ç,Aegon_TargaryanII,15,10,neutral,0.0,dhaka,2025-11-18 13:45:20,Other
‚Äú‡ßØ‡ß¶-‡¶è‡¶∞ ‡¶¶‡¶∂‡¶ï‡ßá‡¶∞ ‡¶¢‡¶æ‡¶ï‡¶æ‚Äî‡¶Ö‡¶§‡ßÄ‡¶§‡ßá‡¶∞ ‡¶∂‡¶π‡¶∞‡ßá‡¶∞ ‡¶è‡¶ï ‡¶Æ‡ßÅ‡¶π‡ßÇ‡¶∞‡ßç‡¶§ üì∏‚Äù,Embarrassed-Law6338,32,2,neutral,0.0,dhaka,2025-11-18 13:27:31,Other
Best flower shops,dengxiety,7,4,positive,0.6375,dhaka,2025-11-18 13:25:41,"Travel/Tourism, Shopping/Commerce, Real Estate"
Do Bangladeshi University Students Get .edu e-mail addresses?,biggestloserinearth,10,23,positive,0.07916666666666666,dhaka,2025-11-18 13:10:46,"Education, Technology"
C-B unit Bangla,t1tu_ez4ence,2,1,positive,0.06614583333333333,dhaka,2025-11-18 12:37:42,Education
CU vs RU,Abdullah715279,3,15,positive,0.16486013986013986,dhaka,2025-11-18 12:13:43,Other
Books,grey_maverick,1,1,neutral,0.0,dhaka,2025-11-18 11:50:05,Other
Looking for a Part Time/ Full time job.,iamnoman18,3,1,negative,0.11666666666666667,dhaka,2025-11-18 11:00:12,"Education, Career/Jobs, Shopping/Commerce, Sports, Technology, Real Estate, Infrastructure"
Excel Training Centers in Dhanmondi/New Market with Microsoft Certification,hard2resist,3,1,neutral,0.03921911421911421,dhaka,2025-11-18 10:55:59,"Education, Career/Jobs, Shopping/Commerce, Food/Restaurants, Technology, Infrastructure"
Study MBA!,Extension_Gene_5600,3,4,neutral,-0.02777777777777778,dhaka,2025-11-18 10:48:55,"Education, Career/Jobs, Technology, Real Estate, Infrastructure"
Trusted source to donate online?,SpecialistLow1164,5,7,negative,-0.125,dhaka,2025-11-18 10:33:51,Other
Had anyone buy smartphone from aliexpress if did let me know your opinion,Forward_Initial_5138,4,7,neutral,0.0,dhaka,2025-11-18 10:08:19,"Shopping/Commerce, Technology"
Need advice on what to do..for life..career..etcüò≠,One-Breakfast-3410,5,4,positive,0.07547383172383174,dhaka,2025-11-18 09:55:43,"Education, Career/Jobs, Relationships, Shopping/Commerce, Technology, Real Estate, Infrastructure"
Need Suggestions for Budget-Friendly Book Sites,Jumpy-Selection-7728,5,2,positive,0.1875,dhaka,2025-11-18 09:25:27,Shopping/Commerce
Good camera repair shop in Dhaka + cost?,Additional-Skirt-937,3,0,neutral,0.3725,dhaka,2025-11-18 07:13:38,"Shopping/Commerce, Technology, Real Estate"
Is arranged marriage still a thing in Bangladesh for male in their early 20s?,hackerbong,50,44,positive,0.10790476190476189,dhaka,2025-11-18 06:56:01,"Education, Career/Jobs, Relationships, Technology, Real Estate, Infrastructure"
Can anyone recommend a place to repair headphone near or close to Dhanmondi?,DisSapo1ntment,2,2,positive,0.15416666666666667,dhaka,2025-11-18 06:47:48,Technology
A level students,Hot-Effective5484,7,4,neutral,0.018750000000000003,dhaka,2025-11-18 05:14:35,"Education, Career/Jobs, Shopping/Commerce, Technology, Infrastructure"
Kinda unemployed,smolcatfis,13,12,neutral,-0.049999999999999996,dhaka,2025-11-18 04:41:03,"Health/Medical, Technology"
Need One plus 15,MentionAdmirable1902,2,1,neutral,0.0,dhaka,2025-11-18 04:37:24,Shopping/Commerce
Afraid to attend job interview,Great-Object1436,3,7,negative,-0.4375,dhaka,2025-11-18 04:07:46,"Career/Jobs, Technology"
Please recommend me a shop/page that can bring thr Fisher Price DJ Table for Kids at lowest price from USA!,AnirbanPaca,1,3,neutral,0.0,dhaka,2025-11-18 02:50:10,Shopping/Commerce
I am getting really depressed because of this,Icey-cold,41,32,neutral,0.09148550724637682,dhaka,2025-11-18 02:05:00,"Education, Career/Jobs, Relationships, Food/Restaurants, Politics/Government, Technology, Real Estate"
Hair salon/parlor suggestions,MacaroonNo3569,3,3,positive,0.1,dhaka,2025-11-18 01:58:54,Technology
Bangladesh Court Orders Death Penalty for Ex-PM Hasina Over Deadly 2024 Uprising,shadrack_CK,4,0,neutral,-0.1,dhaka,2025-11-18 01:56:01,"Shopping/Commerce, Food/Restaurants, Politics/Government"
how to gain experience early,SwordfishHealthy3565,3,2,neutral,0.09014756944444445,dhaka,2025-11-18 00:44:33,"Education, Career/Jobs, Technology"
"Where can I find good quality shoes, particularly block heels?",AnirbanPaca,4,6,neutral,0.25666666666666665,dhaka,2025-11-18 00:28:23,"Career/Jobs, Shopping/Commerce, Real Estate, Infrastructure"
Hasina's verdict,AggressiveRange6553,1,1,positive,0.09583333333333333,dhaka,2025-11-18 00:25:59,"Food/Restaurants, Politics/Government, Sports, Technology"
Need help with a 'theory of sets' mathematical problem.,Nipu2,4,5,neutral,0.0014705882352941137,dhaka,2025-11-18 00:01:31,"Education, Career/Jobs, Sports, Technology, Infrastructure"
"‡¶Ü‡¶õ‡¶ø, ‡¶ï‡¶ø‡¶®‡ßç‡¶§‡ßÅ ‡¶Ø‡ßá‡¶® ‡¶®‡ßá‡¶á‡•§",Mean-Spinach7355,9,14,positive,0.05562169312169312,dhaka,2025-11-17 23:58:26,"Relationships, Technology"
We need to talk about the border killing issue happening at the Indian border.,kindred_eldtrich,25,10,neutral,-0.02403846153846154,dhaka,2025-11-17 23:42:51,"Career/Jobs, Shopping/Commerce, Technology"
Awami League ü•±,rohanur69,0,8,neutral,0.0,dhaka,2025-11-17 23:27:27,"Politics/Government, Sports"
Looking for terrible but expensive restaurants in Dhaka. For recommending to an old enemy.,AlternativeMetal2017,3,2,neutral,-0.2333333333333333,dhaka,2025-11-17 22:41:35,"Food/Restaurants, Real Estate"
Pantheon?,aunnyglitch,2,6,negative,-0.17500000000000002,dhaka,2025-11-17 22:17:29,Other
do you guys know any wired earphones with good mic quality in dhaka,ghumkhor,5,12,positive,0.5666666666666667,dhaka,2025-11-17 22:15:01,"Technology, Real Estate"
Bhawal resort / Any resort for couple,Glittering-Tear-8017,9,55,neutral,0.007499999999999995,dhaka,2025-11-17 22:12:58,"Relationships, Real Estate"
I need suggestion from senior of mbbs student of any Divisional Medical,PaintingCreepy5444,6,3,neutral,0.0,dhaka,2025-11-17 22:05:06,"Education, Health/Medical"
‡¶Ö‡¶®‡¶≤‡¶æ‡¶á‡¶® ‡¶ï‡ßã‡¶ö‡¶ø‡¶Ç,Street_Event_2631,1,5,neutral,0.0,dhaka,2025-11-17 21:45:12,Other
medical aspirant next year,closetedluvergurl,2,1,neutral,0.0034722222222222203,dhaka,2025-11-17 21:18:34,"Education, Health/Medical, Technology"
Secret garden as a wedding venue?,swan_lake81,3,0,negative,-0.30000000000000004,dhaka,2025-11-17 21:17:18,"Relationships, Food/Restaurants, Technology"
Getting flowers for my gf,Eastern-Look-8143,5,11,positive,0.09814814814814815,dhaka,2025-11-17 20:12:46,"Career/Jobs, Relationships, Food/Restaurants, Technology, Infrastructure"
help me figure out,Frequent_Craft5676,9,33,neutral,0.032244318181818186,dhaka,2025-11-17 20:11:54,Relationships
Chittagong Port Update,RazzmatazzStrict,11,15,neutral,0.0,dhaka,2025-11-17 19:49:14,Other
Is there any place at mirpur other than cafes for hangout?,tasara-panda-09020,5,7,positive,0.005681818181818177,dhaka,2025-11-17 19:01:39,Food/Restaurants
Can someone provide Deshbd dc server invite,yahoo_olivia,1,2,neutral,0.0,dhaka,2025-11-17 18:32:28,Other
how are people affording to study outside,Temporary_Heart1018,62,84,positive,0.09107142857142857,dhaka,2025-11-17 18:20:20,"Education, Politics/Government"
I‚Äôm tired of struggling‚Ä¶ but I‚Äôm still trying. Need some honest advice.,nafisa_q,11,22,neutral,0.0691358024691358,dhaka,2025-11-17 17:41:33,Technology
Shower Gel,Sparrow_tora_999,19,25,positive,0.31666666666666665,dhaka,2025-11-17 17:36:41,Shopping/Commerce
Asking for opinion,PracticalGur7035,16,23,neutral,0.03214285714285714,dhaka,2025-11-17 17:10:38,"Education, Career/Jobs, Relationships"
MTO,Candid-Ad-1951,3,4,neutral,0.0,dhaka,2025-11-17 17:04:15,Career/Jobs
Sheikh Hasina's Judgement,RazzmatazzStrict,2,90,positive,0.19166666666666665,dhaka,2025-11-17 16:52:23,"Politics/Government, Technology"
Hard time,Puzzleheaded_Mine992,6,6,positive,-0.06770833333333334,dhaka,2025-11-17 16:51:50,Other
Failed HSC Twice Can I Still Get Into a Private University in Bangladesh,ResponsibleFudge8955,2,9,neutral,-0.17291666666666666,dhaka,2025-11-17 16:46:56,"Education, Technology"
Ladies: hair parlor?,TurbulentCup5219,7,9,negative,-0.2,dhaka,2025-11-17 16:06:46,"Shopping/Commerce, Technology"
Testaurants like Izakaya,999baseballs,2,9,neutral,0.0,dhaka,2025-11-17 15:59:21,Food/Restaurants
"Dear Shahbagis, you can seek justice and still achieve a death sentence.",ahmad_musaffa,0,49,positive,0.1714285714285714,dhaka,2025-11-17 15:40:02,"Food/Restaurants, Technology"
Is a foldable laptop table actually useful?,Suspicious_Cheek3878,5,5,positive,0.2520833333333333,dhaka,2025-11-17 15:32:01,"Education, Shopping/Commerce, Technology"
Just to know how you guys figure it out.,Abir_Islam,2,18,positive,0.09375,dhaka,2025-11-17 15:24:19,Technology
Ousted Bangladesh PM Sheikh Hasina sentenced to death for crimes against humanity,Power-Equality,79,42,neutral,0.0,dhaka,2025-11-17 14:56:28,"Food/Restaurants, Technology"
Twilight at 60kmph,Equivalent_Doubt_969,19,1,neutral,0.0,dhaka,2025-11-17 14:39:55,Other
Sending sensitive medicine like Insulin to Madaripur (Village),7uckingMadMan,5,2,positive,0.18928571428571428,dhaka,2025-11-17 14:09:15,"Health/Medical, Real Estate"
Bachelors in china,LilNoirito,4,8,positive,0.06666666666666667,dhaka,2025-11-17 13:34:32,Education
Perfume suggestion under 2000 taka,_parrot_king0,13,12,positive,0.35,dhaka,2025-11-17 13:24:04,Other
Hangout place suggetion!,Equal-Love-4701,3,1,positive,0.2737244897959184,dhaka,2025-11-17 13:23:15,"Relationships, Real Estate"
Need simple healthy meals I can cook alone.,Due_Calligrapher2742,9,10,positive,0.1754120879120879,dhaka,2025-11-17 13:01:33,"Education, Relationships, Health/Medical, Food/Restaurants, Real Estate, Infrastructure"
Miss Universe Bangladesh 2025 Hype,FinalGeneration,40,74,neutral,0.0,dhaka,2025-11-17 11:51:29,Other
‡¶Æ‡ßá‡¶ü‡ßç‡¶∞‡ßã,Master-Asparagus7789,2,3,neutral,0.0,dhaka,2025-11-17 11:04:35,Other
Visiting Bangladesh after 10 years best food,Noobiepoobie853,3,12,positive,0.575,dhaka,2025-11-17 10:41:56,"Travel/Tourism, Food/Restaurants"
Where can I find this type of half-zip cable knit sweater in Bangladesh?,beingElias,31,25,positive,0.12416666666666668,dhaka,2025-11-17 10:31:56,"Shopping/Commerce, Food/Restaurants, Real Estate"
MBA Options (Is Jagannath the right choice for me?),Mysterious_Many007,2,13,neutral,0.18452380952380953,dhaka,2025-11-17 10:09:46,"Education, Career/Jobs, Technology"
My Android Cellphone got stolen.,Iori3310,5,11,positive,0.10625,dhaka,2025-11-17 08:23:11,Technology
Pakistani Planning to do mbbs from Bangladesh,timespaceweb,27,39,positive,0.09285714285714286,dhaka,2025-11-17 06:19:51,"Education, Health/Medical, Technology, Real Estate"
Bangladesh vs India Football Match,OdysseusWit,3,2,neutral,-0.012499999999999997,dhaka,2025-11-17 05:55:37,"Shopping/Commerce, Sports"
Effective support system,No-Scientist-8273,8,8,positive,0.4571428571428571,dhaka,2025-11-17 03:13:18,Technology
Music Band suggestions??,IMSALTY-Real,1,8,positive,0.190625,dhaka,2025-11-17 02:50:02,Relationships
Do you believe in jinn? I want to hear your real experiences,Last-Engineering-649,47,128,positive,0.18392857142857144,dhaka,2025-11-17 02:36:30,"Relationships, Technology, Real Estate"
How to deal with emotionally and physically abusive father during admission phase,strangerthings8989,3,5,neutral,0.004166666666666666,dhaka,2025-11-17 02:03:25,"Education, Infrastructure"
Can deliverymen see what you have ordered?,Legitimate_Sky5632,3,3,negative,-0.0875,dhaka,2025-11-17 01:54:54,Shopping/Commerce
NID Permanent Address Correction,CaffineIsGood,8,1,positive,0.1,dhaka,2025-11-17 01:45:26,Technology
How do you deal with Anxiety?,SquareProtonWave,5,9,negative,-0.06875,dhaka,2025-11-17 01:32:13,Health/Medical
MAT(25-26),Interesting-Bag-3210,6,9,neutral,0.0,dhaka,2025-11-17 00:58:40,"Education, Health/Medical"
Can you tell me about BRTA?,internet_godfather,6,4,positive,0.13124999999999998,dhaka,2025-11-17 00:58:09,Technology
"Bengali in rome,italy",Beginning-Bar-1138,2,0,positive,0.125,dhaka,2025-11-17 00:38:59,"Education, Relationships"
Asking for Marriage to Wali,GoingHypersonic,10,5,positive,0.13839285714285715,dhaka,2025-11-17 00:38:58,Relationships
When do medical colleges open for the next batch in bangladesh 2026,No-Yogurtcloset9949,2,6,neutral,0.0,dhaka,2025-11-16 23:45:36,"Education, Health/Medical"
‡¶°‡¶ø‡¶¨‡ßá‡¶ü ‡¶∂‡¶ø‡¶ñ‡¶æ‡¶∞ ‡¶ï‡ßã‡¶®‡ßã ‡¶Ö‡¶∞‡ßç‡¶ó‡¶æ‡¶®‡¶æ‡¶á‡¶ú‡ßá‡¶∂‡¶® ‡¶¢‡¶æ‡¶ï‡¶æ‡¶Ø‡¶º ‡¶Ü‡¶õ‡ßá?,Total_Advertising975,5,11,neutral,0.0,dhaka,2025-11-16 23:10:12,Real Estate
Which BUTEX Textile Engineering Department Should My Younger Brother Choose? Need Honest Advice,Redwanul-Haque2467,6,8,positive,0.20631105006105005,dhaka,2025-11-16 23:00:13,"Education, Career/Jobs, Health/Medical, Technology, Real Estate"
Farmgate to BAF Shaheen Kurmitola,Twha_Khan,2,6,positive,0.1,dhaka,2025-11-16 22:56:58,"Education, Travel/Tourism, Technology"
Laptop Issue,Longjumping-Fly-480,3,2,neutral,-0.002705627705627706,dhaka,2025-11-16 22:28:19,"Career/Jobs, Relationships, Health/Medical, Shopping/Commerce, Technology, Real Estate"
how to be an independent woman in bangladesh,closetedluvergurl,43,26,neutral,-0.048095238095238094,dhaka,2025-11-16 22:14:54,"Education, Real Estate, Infrastructure"
Suggestion on buying mechanical Keebs.,Flat_Age_5777,2,5,positive,0.09214285714285712,dhaka,2025-11-16 21:47:25,"Shopping/Commerce, Real Estate"
Coding Partner,ElegantSwimmer3726,5,24,positive,0.06946969696969697,dhaka,2025-11-16 21:38:14,Technology
Gym Flings!,Almostfamous_02,39,55,negative,-0.09226562499999999,dhaka,2025-11-16 21:10:37,Relationships
Casio buying,Mahmud_Emon,3,3,positive,0.1875,dhaka,2025-11-16 21:07:55,Shopping/Commerce
I WANNA KNOW ABOUT JAGANNATH UNIVERSITY,Competitive-Rate-951,29,49,neutral,0.0,dhaka,2025-11-16 20:59:00,Education
"I‚Äôm soft, I‚Äôm tired, I‚Äôm trying and that‚Äôs enough. My heart is loud, even if my presence isn‚Äôt.",h_sadia,25,12,neutral,-0.03559027777777778,dhaka,2025-11-16 20:46:28,"Travel/Tourism, Food/Restaurants, Technology, Real Estate"
How to start?,Physical-Fact-7191,6,6,neutral,0.0,dhaka,2025-11-16 20:09:16,Technology
Want to learn to cook,LessTell,10,21,positive,0.39999999999999997,dhaka,2025-11-16 20:06:26,Food/Restaurants
Attempting,WasteCrow8280,0,23,neutral,0.0,dhaka,2025-11-16 19:35:17,Other
is this good for a 11th grader?,Majestic_Search4740,7,6,positive,0.7,dhaka,2025-11-16 19:35:09,Other
how do i make money?,StrangeFile8991,17,34,positive,0.08555672268907563,dhaka,2025-11-16 19:25:39,"Education, Technology"
Medical emergency ü¶∫,Hot-Tangerine3979,6,6,positive,0.07954545454545454,dhaka,2025-11-16 19:18:37,"Health/Medical, Travel/Tourism, Real Estate"
Tax law firm in Dhaka,Agile-Lifeguard-2063,3,5,positive,-0.024999999999999994,dhaka,2025-11-16 18:32:44,"Food/Restaurants, Politics/Government, Technology, Real Estate"
Earbuds Battery Replacement ( Soundpeats Capsule 3 pro),Advanced_Budget7301,2,4,neutral,0.05,dhaka,2025-11-16 17:58:39,"Shopping/Commerce, Food/Restaurants"
‡¶Ü‡¶Æ‡¶ø ‡¶¨‡¶á ‡¶™‡¶°‡¶º‡¶§‡ßá ‡¶ñ‡ßÅ‡¶¨ ‡¶≠‡¶æ‡¶≤‡ßã‡¶¨‡¶æ‡¶∏‡¶ø‡•§ ‡¶ï‡¶ø‡¶®‡ßç‡¶§‡ßÅ ‡¶Ü‡¶Æ‡¶æ‡¶∞ ‡¶á‡¶Ç‡¶≤‡¶ø‡¶∂ ‡¶∏‡ßç‡¶ï‡ßÅ‡¶≤ ‡¶≤‡¶æ‡¶á‡¶´ ‡¶§‡ßá‡¶Æ‡¶® ‡¶∏‡ßç‡¶ü‡ßç‡¶∞‡¶Ç ‡¶õ‡¶ø‡¶≤ ‡¶®‡¶æ‚Äî‡¶§‡¶æ‡¶á ‡¶ï‡¶ø‡¶õ‡ßÅ ‡¶á‡¶Ç‡¶≤‡¶ø‡¶∂ ‡¶¨‡¶á ‡¶¨‡ßÅ‡¶ù‡¶§‡ßá ‡¶∏‡¶Æ‡¶∏‡ßç‡¶Ø‡¶æ ‡¶π‡¶Ø‡¶º‡•§,zawad_zarirrr,0,24,neutral,0.0,dhaka,2025-11-16 17:41:18,Technology
Gym location,redwizzardalastor,2,1,positive,0.3,dhaka,2025-11-16 16:24:59,"Technology, Infrastructure"
"Where do I buy authentic shampoos, deodorants and lotions?",External_Pen4135,3,2,neutral,0.25,dhaka,2025-11-16 16:14:34,"Shopping/Commerce, Technology"
‡¶ü‡¶æ‡¶ï‡¶æ ‡¶¨‡¶æ‡¶¶‡ßá ‡¶ú‡ßÄ‡¶¨‡¶®‡ßá ‡¶ï‡ßã‡¶® ‡¶è‡¶ï‡¶ü‡¶æ ‡¶ú‡¶ø‡¶®‡¶ø‡¶∏ ‡¶Ü‡¶™‡¶®‡¶ø ‡¶∏‡¶¨‡¶ö‡ßá‡ßü‡ßá ‡¶¨‡ßá‡¶∂‡¶ø ‡¶ö‡¶æ‡¶®?,Aaliynah550,40,128,neutral,0.0,dhaka,2025-11-16 15:59:18,Other
I need suggestions on male skincare products?,kindred_eldtrich,2,28,positive,0.1,dhaka,2025-11-16 14:15:41,Shopping/Commerce
Guitar,garlicbread0_0,3,16,neutral,0.0,dhaka,2025-11-16 13:58:06,Shopping/Commerce
NSU RETAKE,Spiritual_Scene634,1,4,neutral,-0.0069444444444444475,dhaka,2025-11-16 13:11:04,"Technology, Infrastructure"
BDüáßüá© vs IndiaüáÆüá≥ Match Ticket for Sale!,Opposite_Extension13,1,1,positive,0.10625,dhaka,2025-11-16 13:01:03,"Shopping/Commerce, Sports, Technology"
Perfumes,omerhabib44,4,16,positive,0.35,dhaka,2025-11-16 12:50:35,"Shopping/Commerce, Real Estate"
CBT for intrusive thoughts,aurora_100,7,10,positive,0.11249999999999999,dhaka,2025-11-16 12:49:45,"Career/Jobs, Health/Medical"
When will HSC happen?,Mean_Common_5269,3,8,neutral,0.0,dhaka,2025-11-16 12:31:54,"Education, Technology"
Life of a loser,Mysterious-Fly-9194,30,50,positive,0.05063492063492063,dhaka,2025-11-16 11:40:28,"Education, Food/Restaurants, Technology"
Self enjoyment,ElegantSteak7738,5,79,positive,0.2,dhaka,2025-11-16 11:19:40,Other
Suggestion for higher education,abid0506,0,3,neutral,0.1674107142857143,dhaka,2025-11-16 11:18:11,"Education, Career/Jobs, Infrastructure"
Where can I find cakes that taste amazing and have creative designs?,callmeIFTY,5,10,positive,0.47500000000000003,dhaka,2025-11-16 10:37:09,"Shopping/Commerce, Food/Restaurants, Real Estate"
‡¶Ö‡¶®‡ßá‡¶ï ‡¶¨‡¶æ‡¶Ç‡¶≤‡¶æ‡¶¶‡ßá‡¶∂‡¶ø ‡¶Ö‡¶≠‡¶ø‡¶¨‡¶æ‡¶∏‡ßÄ‡¶∞ ‡¶∏‡¶¨‡¶ö‡ßá‡¶Ø‡¶º‡ßá ‡¶¨‡¶°‡¶º ‡¶¨‡¶æ‡¶ß‡¶æ ‡¶™‡ßç‡¶∞‡¶æ‡¶Ø‡¶º‡¶á ‡¶§‡¶æ‡¶¶‡ßá‡¶∞ ‡¶®‡¶ø‡¶ú‡ßá‡¶∞ ‡¶ï‡¶Æ‡¶ø‡¶â‡¶®‡¶ø‡¶ü‡¶ø‡¶á ‡¶π‡¶Ø‡¶º‡•§ ‡¶è‡¶ï‡¶ü‡¶ø ‡¶∏‡¶æ‡¶Æ‡ßç‡¶™‡ßç‡¶∞‡¶§‡¶ø‡¶ï ‡¶ò‡¶ü‡¶®‡¶æ ‡¶¶‡ßá‡¶ñ‡¶ø‡¶Ø‡¶º‡ßá‡¶õ‡ßá‚Äî‡¶ï‡ßÄ‡¶≠‡¶æ‡¶¨‡ßá ‡¶è‡¶ï‡¶ú‡¶® ‡¶≤‡ßã‡¶ï ‡¶¨‡ßç‡¶Ø‡¶ï‡ßç‡¶§‡¶ø‡¶ó‡¶§ ‡¶¨‡¶ø‡¶∞‡ßã‡¶ß‡ßá‡¶∞ ‡¶ï‡¶æ‡¶∞‡¶£‡ßá ‡¶®‡¶§‡ßÅ‡¶®‡¶¶‡ßá‡¶∞ ‡¶∏‡¶æ‡¶π‡¶æ‡¶Ø‡ßç‡¶Ø ‡¶ï‡¶∞‡¶æ‡¶∞ ‡¶ú‡¶®‡ßç‡¶Ø ‡¶§‡ßà‡¶∞‡¶ø ‡¶è‡¶ï‡¶ü‡¶ø ‡¶∏‡¶æ‡¶™‡ßã‡¶∞‡ßç‡¶ü ‡¶ó‡ßç‡¶∞‡ßÅ‡¶™‡¶ï‡ßá ‡¶®‡¶ø‡¶ú‡ßá‡¶∞ ‡¶á‡¶ö‡ßç‡¶õ‡¶æ‡¶Æ‡¶§‡ßã ‡¶ó‡ßá‡¶ü‡¶ï‡¶ø‡¶™‡¶ø‡¶Ç ‡¶ï‡¶∞‡¶õ‡¶ø‡¶≤‡•§ ‡¶¨‡¶ø‡¶∑‡¶Ø‡¶º‡¶ü‡¶ø ‡¶ú‡¶æ‡¶®‡¶æ‡¶∞ ‡¶™‡¶∞‡¶ì ‡¶∏‡¶ø‡¶®‡¶ø‡¶Ø‡¶º‡¶∞ ‡¶∏‡¶¶‡¶∏‡ßç‡¶Ø‡¶∞‡¶æ ‡¶ó‡ßÅ‡¶∞‡ßÅ‡¶§‡ßç‡¶¨ ‡¶¶‡¶ø‡¶Ø‡¶º‡ßá ‡¶¶‡ßá‡¶ñ‡ßá‡¶®‡¶®‡¶ø,jbttss,4,6,negative,-0.08333333333333333,dhaka,2025-11-16 10:32:02,Other
Lonely,Top-Slide-4095,3,26,neutral,-0.0875,dhaka,2025-11-16 10:31:02,Other
PPT expert needed.,raj_monir15,5,8,neutral,0.0,dhaka,2025-11-16 09:26:29,Food/Restaurants
Is there any local bus route using T.T.Para Underpass?,Treasure_Crusho,1,1,neutral,0.0,dhaka,2025-11-16 08:28:46,Infrastructure
Anybody have a good ayer mach or corsula recipe?,Maximum-Evening3904,2,1,positive,0.6,dhaka,2025-11-16 07:31:30,Food/Restaurants
Winter clothes,itzfaria,5,9,positive,0.32499999999999996,dhaka,2025-11-16 03:30:21,"Shopping/Commerce, Real Estate"
Struggling as an Artist,peedeepeesucks,5,10,neutral,0.039814814814814824,dhaka,2025-11-16 02:56:11,"Career/Jobs, Technology"
Seeking Investment to Scale My Small E-commerce Brand (Bangladesh) ‚Äî Need Guidance &amp; Partners,ledlips6214,2,1,neutral,-0.09649152930402931,dhaka,2025-11-16 02:53:14,"Career/Jobs, Shopping/Commerce, Food/Restaurants, Technology, Real Estate, Infrastructure"
Any Bangladeshi living in oman here? Needed help,zebrina1,19,8,positive,0.07194444444444445,dhaka,2025-11-16 02:10:43,"Technology, Real Estate"
Where to invest 15k bdt as a student,dest_v18,2,6,neutral,0.0,dhaka,2025-11-16 01:55:49,Education
Do guys find girls with nose piercings attractive?,sabia__,53,132,positive,0.8,dhaka,2025-11-16 01:43:15,Other
Early morning GOOD breakfast spot at JamunaxBashundhara gate.,NeighborhoodCute6742,2,5,positive,0.4375,dhaka,2025-11-16 01:18:08,"Food/Restaurants, Technology"
Does anyone else think that people of this generation is intellectually poor?,Outrageous-Being7136,44,42,neutral,-0.1690018315018315,dhaka,2025-11-16 01:06:59,"Education, Relationships"
Quiet places near Dhaka,NefariousnessOk7185,2,15,positive,0.10833333333333334,dhaka,2025-11-16 00:48:15,"Food/Restaurants, Real Estate"
Random question,Dizzy_Sky_3350,33,147,positive,0.016666666666666663,dhaka,2025-11-16 00:23:46,Other
CA ki khub hard?,light_yagami004,4,7,negative,-0.20416666666666666,dhaka,2025-11-15 23:17:25,Other
Trying to collect foreign currency notes ‚Äî where can I actually get my first ones in Dhaka?,Inevitable-Koala6828,2,3,neutral,0.06690082282913165,dhaka,2025-11-15 22:58:02,"Education, Travel/Tourism, Shopping/Commerce, Technology, Real Estate"
I GOT FIRED FROM MY JOB AT THE FIRST DAY,goinnbackto505,283,205,neutral,0.0955357142857143,dhaka,2025-11-15 21:49:52,"Career/Jobs, Health/Medical, Shopping/Commerce, Food/Restaurants, Politics/Government, Technology, Real Estate"
Web series,Responsible_Ad8408,2,6,positive,0.2,dhaka,2025-11-15 21:38:17,Other
Need advise,Shorkarjak,0,6,neutral,0.0,dhaka,2025-11-15 21:31:01,Other
Opinions on Rajshahi Uiversity?,noorbeer,1,1,neutral,0.025,dhaka,2025-11-15 21:13:34,"Education, Career/Jobs, Technology, Infrastructure"
Remote Video Editor Wanted,Arman_hossainalif,5,1,positive,0.1125,dhaka,2025-11-15 20:59:54,"Career/Jobs, Food/Restaurants, Technology"
Financial Suggestions,RespectFull4922,2,7,positive,0.2333333333333333,dhaka,2025-11-15 20:34:10,Other
Du IBA,999baseballs,0,6,neutral,0.0,dhaka,2025-11-15 20:33:28,"Education, Career/Jobs, Shopping/Commerce"
App that shows live Bangladesh Railway train positions - Find My Train: Bangladesh,jgainbd,86,21,positive,0.13451704545454546,dhaka,2025-11-15 20:13:56,"Career/Jobs, Travel/Tourism, Shopping/Commerce, Technology, Infrastructure"
Any good lighter er dokan?,ivodidalha,1,3,neutral,0.35,dhaka,2025-11-15 19:53:07,"Shopping/Commerce, Technology"
Suggest me a trusted service center for desktop motherboard in Multiplan/IDB,gigamind_sajid,3,1,neutral,-0.08750000000000001,dhaka,2025-11-15 19:22:52,Technology
"A Salafi Bangladeshi scholar is actively calling for jihad, destabilising three countries‚ÄîBangladesh, India, and Myanmar. As you can see in the video, the leadership of Jamaat-e-Islami and the BNP are enjoying this speech.",New_Edge360,6,2,neutral,0.09166666666666667,dhaka,2025-11-15 19:16:02,"Politics/Government, Sports"
The truth about Delwar Hossain Sayeedi,_syhumm_,0,12,neutral,0.0,dhaka,2025-11-15 18:41:02,Technology
Weekend activities in city like Dhaka?,PatientHistorian7459,8,37,positive,0.0875,dhaka,2025-11-15 18:39:33,"Education, Real Estate, Infrastructure"
Volunteering,Trick_Copy_5402,4,10,neutral,-0.0048611111111111095,dhaka,2025-11-15 18:18:17,"Education, Career/Jobs, Technology, Real Estate"
Can I use a phone-taken photo (edited for formality) for university applications?,Extension_Force7563,3,5,positive,0.15,dhaka,2025-11-15 18:03:12,"Education, Technology"
‡¶ó‡ßÄ‡¶ú‡¶æ‡¶∞ (geyser) ‡¶ï‡¶ø‡¶®‡¶§‡ßá ‡¶ö‡¶æ‡¶ö‡ßç‡¶õ‡¶ø,Select-Day-873,8,23,negative,-0.375,dhaka,2025-11-15 17:46:00,"Shopping/Commerce, Food/Restaurants"
Does Milestone College charge extra fees for taking a TC?,Minimum-Afternoon323,3,1,neutral,-0.0009672619047619048,dhaka,2025-11-15 17:38:32,"Education, Technology"
when being deulu is the only solution,Odd_Science208,4,1,neutral,0.0,dhaka,2025-11-15 17:33:40,Other
how to get thailand visa by december,mehehuuuuh,4,1,neutral,0.0,dhaka,2025-11-15 17:19:51,"Technology, Real Estate"
‡¶™‡ßç‡¶∞‡¶•‡¶Æ‡¶¨‡¶æ‡¶∞ ‡¶•‡¶æ‡¶á‡¶≤‡ßç‡¶Ø‡¶æ‡¶®‡ßç‡¶°,Single-Cat8043,8,10,neutral,0.0,dhaka,2025-11-15 17:18:52,Other
should i change schools and take commerce?,vernoniestacos,4,3,neutral,-0.005364583333333332,dhaka,2025-11-15 17:11:09,"Education, Career/Jobs, Food/Restaurants, Technology, Real Estate"
indoor plants,Ruthmila,5,5,neutral,0.0,dhaka,2025-11-15 16:13:48,Other
F1,IllustriousArmy7201,23,34,neutral,0.0,dhaka,2025-11-15 16:07:37,Real Estate
2026 Referendum (‡¶ó‡¶£‡¶≠‡ßã‡¶ü),Ark_rivia,13,13,neutral,0.029166666666666674,dhaka,2025-11-15 15:59:06,Politics/Government
I have 2 lakhs to invest | need suggestions to generate 30k‚Äì50k/month within 2‚Äì3 months (Bangladesh),Aggravating-Jury9096,0,27,positive,0.06836297760210805,dhaka,2025-11-15 15:57:33,"Career/Jobs, Shopping/Commerce, Technology, Real Estate, Infrastructure"
Ideology,IllustriousArmy7201,2,15,negative,-0.125,dhaka,2025-11-15 14:58:58,Other
"My grandfather (Nana) told my mom when she was a child that laughing too loudly would make her sinful and made her recite an Arabic verse whenever she laughed. Even normal laughter made her stop midway and quickly recite the verse, believing she had sinned.",the-machine-m4n,69,37,positive,0.24678030303030302,dhaka,2025-11-15 14:40:15,Technology
