title,author,upvotes,comments,date,url
A Bangladeshi couple who died in the 9/11 attacks.,Maverick_00x,557,54,2025-11-11 15:31:13,https://i.redd.it/nht3sj3gkl0g1.jpeg
I think I finally understand why Indians get so much hate and why many Bangladeshis dislike them,forgotten-daoist,313,139,2025-10-05 23:09:24,https://www.reddit.com/r/bangladesh/comments/1nytum0/i_think_i_finally_understand_why_indians_get_so/
Bangladesh wins,HinduShibir,218,12,2025-11-18 22:49:47,https://i.redd.it/taw42xk2p12g1.jpeg
‡¶™‡ßã‡¶∂‡¶æ‡¶ï ‡¶®‡¶ø‡ßü‡ßá ‡¶ï‡¶ü‡ßÅ‡¶ï‡ßç‡¶§‡¶ø‡¶ï‡¶æ‡¶∞‡ßÄ‡¶ï‡ßá ‡¶ú‡ßÅ‡¶§‡¶æ‡¶™‡ßá‡¶ü‡¶æ ‡¶ï‡¶∞‡¶≤‡ßá‡¶® ‡¶§‡¶∞‡ßÅ‡¶£‡ßÄ,AtikulIslam4142,207,93,2025-10-29 16:50:00,https://www.reddit.com/r/bangladesh/comments/1oj1995/‡¶™‡¶∂‡¶ï_‡¶®‡ßü_‡¶ï‡¶ü‡¶ï‡¶§‡¶ï‡¶∞‡¶ï_‡¶ú‡¶§‡¶™‡¶ü_‡¶ï‡¶∞‡¶≤‡¶®_‡¶§‡¶∞‡¶£/
‚ö†Ô∏è Top-listed criminal shot dead in broad daylight,AtikulIslam4142,185,44,2025-11-10 14:55:29,https://v.redd.it/iolsj0w49e0g1
"A peanut seller counts his loss as his Tk3,000....",Plastic_Repeat_995,124,6,2025-11-09 15:56:35,https://i.redd.it/cktvhqjve70g1.png
Imagine if Dhaka still looked like this...,maproomzibz,117,32,2025-10-20 01:47:40,https://i.redd.it/shw7y3ieh4wf1.png
Which restaurant would it be in Dhaka?,Saif10ali,112,36,2025-11-15 20:39:13,https://i.redd.it/b9pbuoyy891g1.jpeg
"As a Hindu Bangladeshi, it's so hard to have conversations with people about Bangladesh",LeadingSea6037,107,28,2025-10-25 11:54:42,https://www.reddit.com/r/bangladesh/comments/1ofjxl6/as_a_hindu_bangladeshi_its_so_hard_to_have/
"Today's editorials in Pakistan's Dawn (""Ties That Bind"") and Tribune (""Reset with Dhaka"") on the FM‚Äôs BD visit expose their mindset. Both dismiss 1971 as a mere ""tragedy,"" avoiding true apology for genocide. Not shockingly, their tone mirrors their own collaborators‚Äô stance!",TasinMAHDI,106,32,2025-08-27 09:07:55,https://www.reddit.com/gallery/1n1629s
‡¶°‡¶æ‡¶ï‡¶∏‡ßÅ ‡¶è‡¶¨‡¶Ç ‡¶Ö‡¶®‡ßç‡¶Ø‡¶æ‡¶®‡ßç‡¶Ø ‡¶®‡¶ø‡¶∞‡ßç‡¶¨‡¶æ‡¶ö‡¶®‡ßá ‡¶õ‡¶æ‡¶§‡ßç‡¶∞ ‡¶∂‡¶ø‡¶¨‡¶ø‡¶∞‡¶ï‡ßá ‡¶≠‡ßã‡¶ü ‡¶¶‡¶ø‡¶¨‡ßá‡¶® ‡¶Ø‡ßá ‡¶ï‡¶æ‡¶∞‡¶£‡ßá,fogrampercot,83,41,2025-09-07 20:15:02,https://www.reddit.com/r/bangladesh/comments/1nauanz/‡¶°‡¶ï‡¶∏_‡¶è‡¶¨_‡¶Ö‡¶®‡¶Ø‡¶®‡¶Ø_‡¶®‡¶∞‡¶¨‡¶ö‡¶®_‡¶õ‡¶§‡¶∞_‡¶∂‡¶¨‡¶∞‡¶ï_‡¶≠‡¶ü_‡¶¶‡¶¨‡¶®_‡¶Ø_‡¶ï‡¶∞‡¶£/
"Students of Ideal, Dhaka colleges reach peace agreement; City College missing from truce effort",Necessary-Hunt6104,82,24,2025-11-09 15:53:45,https://i.redd.it/srzvgb2le70g1.png
Kinda proud of this pic I took a couple of days ago,ComfyNeo,81,7,2025-09-12 20:30:31,https://i.redd.it/zcl2ba65vqof1.jpeg
‚ÄºÔ∏èCrude bombs exploded at 4 locations in Dhaka,AtikulIslam4142,80,25,2025-11-10 15:37:37,https://i.redd.it/j7we8xhoge0g1.jpeg
Dhaka Metro costs 5 times India's: Jica review sought to cut millions,Necessary-Hunt6104,69,23,2025-10-26 11:35:12,https://i.redd.it/u7tqzoxq7exf1.jpeg
"Dear Bangladeshi brothers, please take care not to harm us",SquarePromise2707,67,36,2025-09-21 16:28:52,https://www.reddit.com/r/bangladesh/comments/1nmoi8c/dear_bangladeshi_brothers_please_take_care_not_to/
HISTORIC VICTORY FOR THE COUNTRY!!!,Plastic_Repeat_995,66,9,2025-11-18 22:50:10,https://www.reddit.com/r/bangladesh/comments/1p0h1s7/historic_victory_for_the_country/
The Daily Star Caught Red-Handed using AI-written Article,AtikulIslam4142,63,19,2025-11-02 18:19:22,https://www.reddit.com/r/bangladesh/comments/1omftpq/the_daily_star_caught_redhanded_using_aiwritten/
Horrible experience at Dhaka to Dubai flight with emirates,Former-Type1623,63,35,2025-10-07 17:09:50,https://www.reddit.com/r/bangladesh/comments/1o0bqov/horrible_experience_at_dhaka_to_dubai_flight_with/
Wtf is happening in Bangladesh?,General-Dog4722,62,55,2025-10-11 19:45:52,https://www.reddit.com/r/bangladesh/comments/1o3w1pj/wtf_is_happening_in_bangladesh/
Probe blames pilot error for Milestone crash; all Air Force training to shift outside Dhaka,PrintRealistic6750,55,25,2025-11-05 16:36:41,https://i.redd.it/50k19bjm2fzf1.png
"Dhaka, Bangladesh",VapeyMoron,53,9,2025-08-25 23:30:45,https://i.redd.it/hdovi0i3x5lf1.jpeg
‚ÄòNo one stood up for her‚Äô: Bus helper arrested for hitting woman,fogrampercot,53,13,2025-10-31 16:35:59,https://www.thedailystar.net/news/bangladesh/news/no-one-stood-her-bus-helper-arrested-hitting-woman-4023751
Why do our national subreddits have such low member counts?,the-machine-m4n,53,85,2025-09-08 19:21:39,https://www.reddit.com/r/bangladesh/comments/1nbnlbk/why_do_our_national_subreddits_have_such_low/
Why is Bangladesh so shitty?,Vigilante-225,50,49,2025-10-23 09:24:56,https://www.reddit.com/r/bangladesh/comments/1odsu0i/why_is_bangladesh_so_shitty/
My Story,Budget_Platform_3736,47,37,2025-11-07 13:35:35,https://www.reddit.com/r/bangladesh/comments/1oqo6u5/my_story/
"""baap ka beta, sipahi ka ghora""",KopaShamsur,47,6,2025-09-10 19:42:06,https://i.redd.it/jlmr15shccof1.png
I (26M) was invited to Bangladesh by someone I met while traveling,Fantastic_Dust_5926,44,21,2025-10-06 07:18:15,https://www.reddit.com/r/bangladesh/comments/1nz5tp4/i_26m_was_invited_to_bangladesh_by_someone_i_met/
Is RETINA a Jamaati organization?,NoSpeaker324,39,24,2025-10-20 17:56:03,https://www.reddit.com/r/bangladesh/comments/1obh1sl/is_retina_a_jamaati_organization/
Looking for like minded people!,Sam_Monsterclaw,37,47,2025-10-18 21:24:14,https://www.reddit.com/r/bangladesh/comments/1o9yoha/looking_for_like_minded_people/
How Yunus Deceived BNP at the Last Minute,Alone-Attention-2139,35,35,2025-11-15 18:31:25,https://www.reddit.com/r/bangladesh/comments/1oxqjxw/how_yunus_deceived_bnp_at_the_last_minute/
"Dhaka airport fire: Businesses fear over $1 billion impact on imports, exports",Necessary-Hunt6104,33,3,2025-10-18 22:51:45,https://i.redd.it/q1kryyb5hwvf1.jpeg
Safe to visit Bangladesh as a Pakistani?,Fondant_Decent,32,40,2025-08-29 16:02:21,https://www.reddit.com/r/bangladesh/comments/1n33alt/safe_to_visit_bangladesh_as_a_pakistani/
My 28 months baby still not talking :(,Fancy-Day3847,32,17,2025-11-09 14:43:02,https://www.reddit.com/r/bangladesh/comments/1osedtk/my_28_months_baby_still_not_talking/
Wanna start a paintball business,SiaM_AhameD21,30,6,2025-10-25 21:54:04,https://i.redd.it/b0dkgm545axf1.jpeg
Abduction or staged drama?,AtikulIslam4142,29,31,2025-10-28 01:05:53,https://www.reddit.com/r/bangladesh/comments/1ohnd6w/abduction_or_staged_drama/
‚Äò‡ß´ ‡¶Ü‡¶ó‡¶∏‡ßç‡¶ü‡ßá ‡¶Ü‡¶Æ‡¶∞‡¶æ ‡¶™‡ßÅ‡¶≤‡¶ø‡¶∂ ‡¶Æ‡ßá‡¶∞‡ßá ‡¶ù‡ßÅ‡¶≤‡¶ø‡ßü‡ßá ‡¶∞‡ßá‡¶ñ‡ßá‡¶õ‡¶ø‚Äô,AtikulIslam4142,27,2,2025-10-30 18:16:37,https://www.reddit.com/r/bangladesh/comments/1ojy2iv/‡ß´_‡¶Ü‡¶ó‡¶∏‡¶ü_‡¶Ü‡¶Æ‡¶∞_‡¶™‡¶≤‡¶∂_‡¶Æ‡¶∞_‡¶ù‡¶≤‡ßü_‡¶∞‡¶ñ‡¶õ/
"How is the situation in Dhaka right now for moderate, agnostic/atheist women? Coming from a Bangladeshi immigrant woman who left in 2012 and hasn‚Äôt been back for an extended period of time since",nymeria_the_direwolf,25,17,2025-09-21 08:01:11,https://www.reddit.com/r/bangladesh/comments/1nmfw45/how_is_the_situation_in_dhaka_right_now_for/
Is it high time we should detach ourselves from this cursed country?,Due_Butterfly_2114,24,12,2025-10-03 13:29:44,https://www.reddit.com/r/bangladesh/comments/1nwsky2/is_it_high_time_we_should_detach_ourselves_from/
"Unseen photographs of people struggling for liberation in 1971, which resulted in the creation of a sovereign Bangladesh.",TasinMAHDI,24,5,2025-08-29 16:56:51,https://www.reddit.com/r/bangladesh/comments/1n348p4/unseen_photographs_of_people_struggling_for/
Massacre in Dhaka!,Gold1Smith,24,25,2025-11-06 17:12:20,https://i.redd.it/x1zd0mjxdmzf1.jpeg
Why doesn‚Äôt Bangladesh have a soft power strategy?,Lampedusan,24,29,2025-11-05 11:02:18,https://www.reddit.com/r/bangladesh/comments/1oou4fh/why_doesnt_bangladesh_have_a_soft_power_strategy/
How to stay safe in Dhaka while doing UG,Worth-Gene,23,17,2025-09-24 16:31:11,https://www.reddit.com/r/bangladesh/comments/1np8lmq/how_to_stay_safe_in_dhaka_while_doing_ug/
Dhaka University's admission notice mentions Hijras as disabled,AntiAgent006,23,16,2025-10-30 21:55:31,https://i.redd.it/44ixesn2u9yf1.jpeg
Jagannath University student found dead in Old Dhaka building,Necessary-Hunt6104,23,2,2025-10-19 20:27:04,https://i.redd.it/4bg1ia39w2wf1.jpeg
"Will contest election from Dhaka, resignation depends on govt's decision: Asif Mahmud",PrintRealistic6750,22,12,2025-11-09 19:32:34,https://i.redd.it/qa0omg5oh80g1.jpeg
BNP's Shafiqul Islam likely to face Jamaat chief Shafiqur in Dhaka-15,PrintRealistic6750,21,7,2025-11-03 19:56:45,https://i.redd.it/7dmgyq5is1zf1.png
"Why is the Comilla, Noakhali and Chandpur regions so densely populated, outside of Dhaka region? I thought the whole Barisal and Khulna divisions were more dense",maproomzibz,20,9,2025-10-27 10:32:55,https://i.redd.it/q2kyw9ud1lxf1.png
Is your family‚Äôs income halal?,United-Life7473,19,50,2025-10-27 19:55:45,https://www.reddit.com/r/bangladesh/comments/1ohf2mo/is_your_familys_income_halal/
Challenges in Policing (part 2): Those who provide security live without dignity,AtikulIslam4142,19,4,2025-10-29 19:02:01,https://www.reddit.com/r/bangladesh/comments/1oj3wxl/challenges_in_policing_part_2_those_who_provide/
visited Bangladesh,loserinlifee,18,3,2025-10-29 20:54:50,https://www.reddit.com/r/bangladesh/comments/1oj6ph0/visited_bangladesh/
"BAF Shaheen College, Dhaka",Plastic_Repeat_995,18,2,2025-11-04 15:22:45,https://www.reddit.com/gallery/1oo2xj2
Property inheritance to our child who is not a Bangladeshi citizen.,Hawk_KL01,18,15,2025-11-12 17:12:51,https://www.reddit.com/r/bangladesh/comments/1ov2e8w/property_inheritance_to_our_child_who_is_not_a/
What are your honest thoughts on marriage in Bangladesh today?,BirdApprehensive9273,16,22,2025-10-25 05:15:55,https://www.reddit.com/r/bangladesh/comments/1ofcejn/what_are_your_honest_thoughts_on_marriage_in/
What if Bangladesh actually had high-speed trains(250-350km/hour)?,SheehabMuhammad,16,35,2025-11-11 01:06:11,https://www.reddit.com/r/bangladesh/comments/1otmrhf/what_if_bangladesh_actually_had_highspeed/
"Over a hundred primary school teachers were injured as police used batons, sound grenades, tear gas, and water cannons",Plastic_Repeat_995,15,3,2025-11-10 16:44:44,https://www.reddit.com/r/bangladesh/comments/1otal21/over_a_hundred_primary_school_teachers_were/
Jobless for 10 months now.. Anyone else going through a similar struggle?,Condizero,15,8,2025-10-18 00:59:14,https://www.reddit.com/r/bangladesh/comments/1o99yz9/jobless_for_10_months_now_anyone_else_going/
Peace agreement before GTA VI,Sweaty_Topic8036,13,1,2025-11-10 21:13:17,https://i.redd.it/9zqr0tak4g0g1.jpeg
Decent Bars in Dhaka,mid20sman,13,7,2025-09-05 14:24:33,https://www.reddit.com/r/bangladesh/comments/1n8zlmr/decent_bars_in_dhaka/
Crude bombs exploded at four separate locations in Dhaka this morning (10 November),Plastic_Repeat_995,13,8,2025-11-10 16:06:55,https://www.reddit.com/r/bangladesh/comments/1ot9zry/crude_bombs_exploded_at_four_separate_locations/
DUCSU 2025 - Analysis Of Shibir's Landslide Victory And Aftermath,fogrampercot,12,13,2025-09-12 03:40:24,https://www.reddit.com/r/bangladesh/comments/1nelg0n/ducsu_2025_analysis_of_shibirs_landslide_victory/
About freetime,Sungodnika04,12,23,2025-09-14 00:24:20,https://www.reddit.com/r/bangladesh/comments/1ng4ulr/about_freetime/
Reality of the Hsc Result,anonimosus12,11,10,2025-10-16 21:39:19,https://www.reddit.com/r/bangladesh/comments/1o89ilv/reality_of_the_hsc_result/
Bangladeshi cuisine,No-Plate-113,11,10,2025-10-09 14:52:16,https://www.reddit.com/r/bangladesh/comments/1o20u7m/bangladeshi_cuisine/
Why the r/Dhaka is almost twice as big as r/Bangladesh?,Plastic_Repeat_995,11,38,2025-10-22 08:30:32,https://www.reddit.com/r/bangladesh/comments/1ocwfdr/why_the_rdhaka_is_almost_twice_as_big_as/
Need advice: finding it hard to deal with my mindset about women,OrneryExpression6918,11,65,2025-09-07 11:48:28,https://www.reddit.com/r/bangladesh/comments/1nalc8n/need_advice_finding_it_hard_to_deal_with_my/
Attempt BCS or Try to move abroad ?,weirdcomponent,10,12,2025-09-09 12:58:37,https://www.reddit.com/r/bangladesh/comments/1ncc0jy/attempt_bcs_or_try_to_move_abroad/
Relationship advice,Famous_Divide6434,10,29,2025-10-15 11:29:13,https://www.reddit.com/r/bangladesh/comments/1o72m5n/relationship_advice/
Awful Experience,snythxox,10,0,2025-10-20 16:46:24,https://www.reddit.com/r/bangladesh/comments/1obfvsy/awful_experience/
From Nimtoli 2010 to Mirpur 2025 ‚Äì how many more fires will it take for Dhaka to wake up?,Redwanul-Haque2467,10,1,2025-10-16 09:32:48,https://www.reddit.com/r/bangladesh/comments/1o7vuj7/from_nimtoli_2010_to_mirpur_2025_how_many_more/
"Need a Part-Time Personal Assistant (Dhaka-Based, Remote)",ovosmans89,10,17,2025-10-11 11:54:05,https://www.reddit.com/r/bangladesh/comments/1o3ntho/need_a_parttime_personal_assistant_dhakabased/
Challenges in Policing (part 1): Inside the broken funding of BD police,AtikulIslam4142,10,2,2025-10-28 20:06:52,https://www.reddit.com/r/bangladesh/comments/1oiabnu/challenges_in_policing_part_1_inside_the_broken/
"Affordable, quiet and green: Electric shuttle buses set a model for Dhaka‚Äôs residential areas",Alone-Attention-2139,9,2,2025-09-12 19:17:18,https://www.tbsnews.net/features/panorama/affordable-quiet-and-green-electric-shuttle-buses-set-model-dhakas-residential
Scene of Dhaka in 1958.,TasinMAHDI,9,4,2025-09-22 14:36:33,https://www.reddit.com/r/bangladesh/comments/1nnh1cp/scene_of_dhaka_in_1958/
Made a simple news aggregator for staying updated about Bangladesh üáßüá©,namkhalinai,9,6,2025-10-18 07:15:30,https://bangladesh-news.pages.dev/
How do you manage your budget in Dhaka with Family and mid level pay?,UnlikelySecret2629,9,2,2025-09-20 15:01:45,https://www.reddit.com/r/bangladesh/comments/1nlta27/how_do_you_manage_your_budget_in_dhaka_with/
How do you consistently help yourself to be good all alone?,dhonbolsen,9,5,2025-09-08 20:49:06,https://www.reddit.com/r/bangladesh/comments/1nbprfi/how_do_you_consistently_help_yourself_to_be_good/
If you seek fund for your school/college/university education you may knock me,RunAffectionate1997,9,3,2025-09-11 02:36:50,https://www.reddit.com/r/bangladesh/comments/1ndpkvx/if_you_seek_fund_for_your_schoolcollegeuniversity/
Dhaka Birdwatching ‡¶¢‡¶æ‡¶ï‡¶æ‡¶Ø‡¶º ‡¶¨‡¶æ‡¶∞‡ßç‡¶°‡¶ì‡¶Ø‡¶º‡¶æ‡¶ö‡¶ø‡¶Ç,Macula-Densa,8,3,2025-09-17 06:28:36,https://www.reddit.com/r/bangladesh/comments/1niymh0/dhaka_birdwatching_‡¶¢‡¶ï‡¶Ø_‡¶¨‡¶∞‡¶°‡¶ì‡¶Ø‡¶ö/
Places to go for a nightout drive in dhaka,Showmik27,8,5,2025-10-10 05:15:19,https://www.reddit.com/r/bangladesh/comments/1o2kznd/places_to_go_for_a_nightout_drive_in_dhaka/
Need suggestions for trusted shipping agents from China to Bangladesh,Drawing-Live,8,10,2025-09-22 16:40:41,https://www.reddit.com/r/bangladesh/comments/1nnj0yc/need_suggestions_for_trusted_shipping_agents_from/
Seeking advice to get rid of excessive sweating,ais_21,8,14,2025-09-23 11:53:52,https://www.reddit.com/r/bangladesh/comments/1no9i0q/seeking_advice_to_get_rid_of_excessive_sweating/
"No friends, loosing sanity",iam_tourist,8,5,2025-09-27 22:38:54,https://www.reddit.com/r/bangladesh/comments/1nrzsqv/no_friends_loosing_sanity/
Why Shibir-backed candidates won the Ducsu polls,Alone-Attention-2139,8,1,2025-09-10 23:04:53,https://www.thedailystar.net/news/bangladesh/politics/student-union-election/news/why-shibir-backed-candidates-won-the-ducsu-polls-3982851
[AskMeAnything] Hello CS undergrads and recent grads!,Consistent_Deer5403,8,27,2025-10-10 18:41:20,https://www.reddit.com/r/bangladesh/comments/1o2zt2c/askmeanything_hello_cs_undergrads_and_recent_grads/
Your Top 5 Trusted Phone Shops in Dhaka,Electrical_Example28,8,4,2025-11-18 07:05:16,https://www.reddit.com/r/bangladesh/comments/1ozy9e3/your_top_5_trusted_phone_shops_in_dhaka/
"Dhaka today.... No, more like everyday.",biscute2077,8,0,2025-11-13 21:24:47,https://i.redd.it/biczw6icl11g1.jpeg
Anyone using Finasteride or Minoxidil? Need advice and good doctor recommendations,pulokjk,7,9,2025-11-08 23:36:09,https://www.reddit.com/r/bangladesh/comments/1orvd4f/anyone_using_finasteride_or_minoxidil_need_advice/
Places to get the best Mishti around Dhaka?,clarkeanator,7,8,2025-11-15 12:53:03,https://www.reddit.com/r/bangladesh/comments/1oxkzei/places_to_get_the_best_mishti_around_dhaka/
Where to buy ladies western clothing in Dhaka? Wide pants and shirts.,ElNinoMaravilla,7,14,2025-09-23 20:22:47,https://www.reddit.com/r/bangladesh/comments/1noir8i/where_to_buy_ladies_western_clothing_in_dhaka/
BSF Push In: How an Assamese woman ended up in a slum in Dhaka,yasserius,7,2,2025-09-26 13:02:58,https://www.youtube.com/watch?v=ZgEDl_lpr5I
Any Duolingo users here in Dhaka?,Far-Following3742,7,11,2025-10-02 01:17:53,https://www.reddit.com/r/bangladesh/comments/1nvhnut/any_duolingo_users_here_in_dhaka/
"‡¶´‡ßç‡¶Ø‡¶æ‡¶ï‡ßç‡¶ü‡¶∞‡¶ø ‡¶™‡ßÅ‡ßú‡ßá, ‡¶¨‡¶ø‡¶Æ‡¶æ‡¶®‡¶¨‡¶®‡ßç‡¶¶‡¶∞ ‡¶™‡ßÅ‡ßú‡ßá, ‡¶®‡¶ø‡¶∞‡ßç‡¶¨‡¶æ‡¶ö‡¶® ‡¶¶‡¶ø‡ßü‡ßá ‡¶¨‡¶æ‡¶Å‡¶ö‡¶æ‡¶®: ‡¶¨‡¶ø‡¶ü‡¶ø‡¶è‡¶Æ‡¶è ‡¶∏‡¶≠‡¶æ‡¶™‡¶§‡¶ø | BTMA | Dhaka | Somoy TV",maifee,7,1,2025-11-04 19:40:09,https://youtu.be/vIWal0m-Wx8?si=SA8-gcWLyQuiIXZK
"Anybody got the ""Dhaka Racing 2003"" game?",VapeyMoron,7,3,2025-11-03 23:28:32,https://www.reddit.com/r/bangladesh/comments/1oni0r8/anybody_got_the_dhaka_racing_2003_game/
Fire at Dhaka airport's cargo section; Connecting the dots; Why does this whole thing feel so orchestrated?,Status_Revolution_25,7,3,2025-10-18 17:24:53,https://www.thedailystar.net/news/bangladesh/accidents-fires/news/fire-breaks-out-near-cargo-complex-dhaka-airport-4013021
Any querier service to send iPad outside Dhaka.,muaz_moss,7,3,2025-11-10 07:03:44,https://www.reddit.com/r/bangladesh/comments/1ot0cii/any_querier_service_to_send_ipad_outside_dhaka/
Animal rescue/shelter in Dhaka?,Tall_Monster,7,2,2025-11-09 21:13:06,https://www.reddit.com/r/bangladesh/comments/1oslsdl/animal_rescueshelter_in_dhaka/
Its abt outfit,rrrihaaa,7,4,2025-11-12 01:12:08,https://www.reddit.com/r/bangladesh/comments/1ouihfn/its_abt_outfit/
Looking for open minded affordable psychiatrists who specialize in adhd and autism in Dhaka.,Andromeda-K-,6,3,2025-10-18 23:15:29,https://www.reddit.com/r/bangladesh/comments/1oa1g4u/looking_for_open_minded_affordable_psychiatrists/
Indian Transit Visa for Bangladeshi,lonelykidfrom2006,6,1,2025-10-25 13:50:48,https://www.reddit.com/r/bangladesh/comments/1oflrmh/indian_transit_visa_for_bangladeshi/
HOW TO GET INDIAN MEDICAL VISA AT PRESENT [ Im frustratedüò´ ],joysutradhar_,6,3,2025-09-28 11:52:33,https://www.reddit.com/r/bangladesh/comments/1nsgmxw/how_to_get_indian_medical_visa_at_present_im/
Backpacking Bangladesh,BriefVeterinarian106,6,6,2025-09-08 13:56:13,https://www.reddit.com/r/bangladesh/comments/1nbhpmm/backpacking_bangladesh/
"Dhaka &amp; Chittagong Airports are major hub for drugs,Gold trafficking in south east Asia! We are seeing tip of the iceberg in regards of seizing Drugs &amp; Gold!",Asleep-Jellyfish007,6,2,2025-08-26 21:14:34,https://i.redd.it/7vxycqg4rdlf1.jpeg
Safe places for Bangladeshi girl expats to live in Dhaka for a month?,motiontosleep,6,14,2025-10-03 18:08:57,https://www.reddit.com/r/bangladesh/comments/1nwxc3i/safe_places_for_bangladeshi_girl_expats_to_live/
Kitten Rescue Urgent!!!!,mahin1374,6,2,2025-09-18 12:12:03,https://www.reddit.com/gallery/1nk0lok
Buying an apartment in dhaka,Superzues09,6,10,2025-10-22 13:02:05,https://www.reddit.com/r/bangladesh/comments/1od1bmc/buying_an_apartment_in_dhaka/
"Protibastob from Dhaka Comics - An anthology of comics from various underrated artists, I love these artists so much, they're deserve so much more recognition, and I love the way Bangla comics is going, maybe one day it will become a world famous genre like manga",yasserius,6,0,2025-11-18 12:54:50,https://v.redd.it/2rcejh3kqy1g1
‡¶¨‡¶æ‡¶Ç‡¶≤‡¶æ‡¶¶‡ßá‡¶∂‡ßá‡¶∞ ‡¶´‡ßÅ‡¶ü‡¶¨‡¶≤ ‡¶∏‡ßç‡¶ü‡ßá‡¶°‡¶ø‡ßü‡¶æ‡¶Æ‡ßá‡¶∞ ‡¶ö‡¶æ‡¶∞‡¶¶‡¶ø‡¶ï‡ßá ‡¶è‡¶§‡ßã ‡¶¨‡¶ø‡¶∂‡¶æ‡¶≤ ‡¶ñ‡¶æ‡¶≤‡¶ø ‡¶ú‡¶æ‡ßü‡¶ó‡¶æ ‡¶•‡¶æ‡¶ï‡ßá ‡¶ï‡ßá‡¶®? ‡¶Ø‡ßá‡¶ñ‡¶æ‡¶®‡ßá ‡¶Ü‡¶ß‡ßÅ‡¶®‡¶ø‡¶ï ‡¶¨‡¶ø‡¶∂‡ßç‡¶¨‡ßá‡¶∞ ‡¶ï‡ßã‡¶®‡ßã ‡¶∏‡ßç‡¶ü‡ßá‡¶°‡¶ø‡ßü‡¶æ‡¶Æ‡ßá ‡¶è‡¶Æ‡¶®‡¶ü‡¶æ ‡¶¶‡ßá‡¶ñ‡¶æ ‡¶Ø‡¶æ‡ßü ‡¶®‡¶æ‡•§,Massivehit,6,12,2025-11-19 15:54:57,https://www.reddit.com/gallery/1p13ij3
Sending a 20 kg parcel from Dhaka to Budapest ‚Äî any affordable and reliable courier options?,PrimaryInspection969,6,1,2025-11-09 23:27:17,https://www.reddit.com/r/bangladesh/comments/1osp5us/sending_a_20_kg_parcel_from_dhaka_to_budapest_any/
"If you had 6 months rent-free in a prime Gulshan/Banani duplex, how would you use it to build a business?",Anushirvan,6,7,2025-11-11 00:28:17,https://www.reddit.com/r/bangladesh/comments/1otloqw/if_you_had_6_months_rentfree_in_a_prime/
Need advice,Fragrant_Drop7397,6,3,2025-11-08 22:31:26,https://www.reddit.com/r/bangladesh/comments/1ortrhs/need_advice/
Looking Suggestion for extra large size men clothes in Dhaka.,ais_21,6,12,2025-10-22 09:05:36,https://www.reddit.com/r/bangladesh/comments/1ocx53y/looking_suggestion_for_extra_large_size_men/
Where can I find 99% Isopropyl alcohol in Dhaka?,Expert_Point_7816,6,4,2025-10-31 01:53:43,https://www.reddit.com/r/bangladesh/comments/1ok9ux0/where_can_i_find_99_isopropyl_alcohol_in_dhaka/
WHAT IS YOUR THOUGHT ABOUT FARMGATE METRO RAIL INCIDENT,Flat_South_8384,6,1,2025-10-27 11:25:20,https://www.reddit.com/r/bangladesh/comments/1oh6954/what_is_your_thought_about_farmgate_metro_rail/
Seeking tour guidance,Certain-Chemical470,6,3,2025-10-08 05:22:02,https://www.reddit.com/r/bangladesh/comments/1o0un7z/seeking_tour_guidance/
More flights diverted to Ctg as Dhaka airport shuts down after cargo zone fire,maifee,5,1,2025-10-18 17:47:22,https://www.tbsnews.net/bangladesh/four-flights-diverted-ctg-after-fire-dhaka-airport-cargo-zone-1263531?amp
Bangladesh travel for uk female and Nepali boy in January ?,Soft-Dance-8601,5,5,2025-11-05 03:55:50,https://www.reddit.com/r/bangladesh/comments/1ooklaw/bangladesh_travel_for_uk_female_and_nepali_boy_in/
"Bangladesh, India to hold talks in Delhi on Ganges water-sharing treaty on Tuesday",Alone-Attention-2139,5,0,2025-09-07 19:30:07,https://www.tbsnews.net/bangladesh/bangladesh-india-hold-talks-delhi-ganges-water-sharing-treaty-1230596
Suggest a authentic Notary agency,dark_98_rider,5,0,2025-09-28 11:10:48,https://www.reddit.com/r/bangladesh/comments/1nsfydt/suggest_a_authentic_notary_agency/
Need suggestions for Resort near Dhaka (for Honeymoon),Maybe_some,5,5,2025-11-09 10:55:24,https://www.reddit.com/r/bangladesh/comments/1osai6z/need_suggestions_for_resort_near_dhaka_for/
Buffet suggestions in Dhaka,Few-Pumpkin3842,5,0,2025-11-10 21:26:24,https://www.reddit.com/r/bangladesh/comments/1otgoow/buffet_suggestions_in_dhaka/
‡¶Ü‡¶Æ‡¶ø Windows &amp; Android user.,seowithriazul,5,2,2025-11-01 08:39:38,https://i.redd.it/r523t19t5kyf1.png
BNP candidates for JS polls: Who‚Äôs in the race for which seat in Dhaka?,PrintRealistic6750,5,2,2025-11-03 23:44:16,https://i.redd.it/vxqvezo3x2zf1.png
Best thrifting place in Dhaka??,DebtLess2374,5,1,2025-10-30 16:45:34,https://www.reddit.com/r/bangladesh/comments/1ojwbts/best_thrifting_place_in_dhaka/
Seeking doctor recommendation for PCOS,nasia_musarat,5,1,2025-10-18 16:04:37,https://www.reddit.com/r/bangladesh/comments/1o9rwcs/seeking_doctor_recommendation_for_pcos/
"Rajuk College, Dhaka admission exam 2025",Silly-Bed2231,5,3,2025-10-20 22:55:50,https://www.reddit.com/r/bangladesh/comments/1obnk32/rajuk_college_dhaka_admission_exam_2025/
"Looking to Donate Books in Dhaka , Any Suggestions?",panic_structure,5,1,2025-11-18 22:24:55,https://www.reddit.com/r/bangladesh/comments/1p0gdf8/looking_to_donate_books_in_dhaka_any_suggestions/
Looking for a Job.,iamnoman18,5,0,2025-11-18 11:01:00,https://www.reddit.com/r/bangladesh/comments/1p036wb/looking_for_a_job/
Passport Correction and Renewal in BD,Sensitive_Win_9094,5,3,2025-11-18 13:01:38,https://www.reddit.com/r/bangladesh/comments/1p05anv/passport_correction_and_renewal_in_bd/
Best place for cataract surgery in Dhaka?,Available-Ad-1014,5,1,2025-11-07 21:14:11,https://www.reddit.com/r/bangladesh/comments/1oqx0m5/best_place_for_cataract_surgery_in_dhaka/
Trying to collect foreign currency notes ‚Äî where can I actually get my first ones in Dhaka?,Inevitable-Koala6828,5,1,2025-11-15 22:52:37,https://www.reddit.com/r/bangladesh/comments/1oxwmc6/trying_to_collect_foreign_currency_notes_where/
Gulshan Is Not Dhaka,Atel_mamu,5,0,2025-11-16 08:27:55,https://counterpointbd.com/Gulshan-Is-Not-Dhaka
One of my relative's liver is failing and doctor has suggested liver transplantation. Any suggestions???,MushfiqurRF,5,3,2025-09-26 02:11:35,https://www.reddit.com/r/bangladesh/comments/1nqh8p7/one_of_my_relatives_liver_is_failing_and_doctor/
Travel during elections,EstablishmentBrief90,5,3,2025-09-24 22:29:20,https://www.reddit.com/r/bangladesh/comments/1npgu2y/travel_during_elections/
Can I study BSc in Computer Science in Australia with a 4-year Diploma in Engineering (Computer Science &amp; Technology)?,ArthurXP002,5,2,2025-09-11 02:13:35,https://www.reddit.com/r/bangladesh/comments/1ndp06h/can_i_study_bsc_in_computer_science_in_australia/
HOW TO GET INDIAN MEDICAL VISA AT PRESENT,joysutradhar_,5,9,2025-10-01 11:14:41,https://www.reddit.com/r/bangladesh/comments/1nuznqu/how_to_get_indian_medical_visa_at_present/
who is up for hangouts in dhaka,No_idea_duh,5,24,2025-10-15 16:11:12,https://www.reddit.com/r/bangladesh/comments/1o7719m/who_is_up_for_hangouts_in_dhaka/
Whats the deal with Stalls in Rabindra Sharabar in Dhanmondi,Ajwad6969,5,0,2025-10-15 23:49:39,https://www.reddit.com/r/bangladesh/comments/1o7hz1r/whats_the_deal_with_stalls_in_rabindra_sharabar/
Which steak house is the best in Dhaka...,Cryptographer47051,5,2,2025-09-03 20:00:53,https://www.reddit.com/r/bangladesh/comments/1n7fmjx/which_steak_house_is_the_best_in_dhaka/
seeking advice about taking a decision in life,ArachnidMotor1538,4,5,2025-09-06 02:38:21,https://www.reddit.com/r/bangladesh/comments/1n9gcii/seeking_advice_about_taking_a_decision_in_life/
How does the stock market work in Bangladesh? (Beginner here),EngineWinter9286,4,0,2025-10-07 02:28:20,https://www.reddit.com/r/bangladesh/comments/1nzue31/how_does_the_stock_market_work_in_bangladesh/
‚ÄúHave 5 mins? Help a fellow student finish his thesis on AI in education üòÖ‚Äù,Cautious-Ad8495,4,0,2025-10-08 04:56:19,https://www.reddit.com/r/bangladesh/comments/1o0u1ki/have_5_mins_help_a_fellow_student_finish_his/
Is the internet in Dhaka fast and stable for video calls?,78523985210,4,5,2025-10-18 13:46:52,https://www.reddit.com/r/bangladesh/comments/1o9pr6h/is_the_internet_in_dhaka_fast_and_stable_for/
Please suggest a good private hospital in Dhaka for treating Heart related illness,da-chooozen-one,4,2,2025-10-14 14:31:56,https://www.reddit.com/r/bangladesh/comments/1o69xr3/please_suggest_a_good_private_hospital_in_dhaka/
Seeking Suggestions for places to Settle-Down,eddieJK1630,4,4,2025-10-22 12:48:25,https://www.reddit.com/r/bangladesh/comments/1od13o9/seeking_suggestions_for_places_to_settledown/
Try plastickothay,Any-Interaction-3192,4,1,2025-10-23 02:49:18,https://www.reddit.com/r/bangladesh/comments/1odk3yw/try_plastickothay/
Need Suggestions for Men‚Äôs Salons in Dhaka,NoPerception9519,4,1,2025-10-24 16:07:01,https://www.reddit.com/r/bangladesh/comments/1oetrlw/need_suggestions_for_mens_salons_in_dhaka/
Dhaka grants full tax break on Rooppur debt repayment to Russia‚Äôs Rosatom subsidiary,Necessary-Hunt6104,4,2,2025-10-19 15:51:10,https://i.redd.it/r2f2riw0j1wf1.png
Need advice on future plans for studying Physics.,the_wave_equation,4,0,2025-11-02 21:08:34,https://www.reddit.com/r/bangladesh/comments/1omjooy/need_advice_on_future_plans_for_studying_physics/
Easy entry to Europe as a masters student.,canttellumyname,4,1,2025-11-06 00:32:58,https://www.reddit.com/r/bangladesh/comments/1opb16r/easy_entry_to_europe_as_a_masters_student/
Perfume Decants are a scam,azim-_-,4,7,2025-11-06 00:18:20,https://www.reddit.com/r/bangladesh/comments/1opam78/perfume_decants_are_a_scam/
Want to enjoy Dhaka,Mysterious_Natural55,4,4,2025-08-28 06:03:38,https://www.reddit.com/r/bangladesh/comments/1n1xfau/want_to_enjoy_dhaka/
Best place to get highest quality BD cricket jerseys?,DeltaOmega88,4,4,2025-09-11 21:20:28,https://www.reddit.com/r/bangladesh/comments/1nebmks/best_place_to_get_highest_quality_bd_cricket/
Name Correction Affidavit Process for SSC and HSC Certificates - Need Some Guidance,Select-Day-873,4,0,2025-09-17 18:20:16,https://www.reddit.com/r/bangladesh/comments/1njbl2b/name_correction_affidavit_process_for_ssc_and_hsc/
Gift Suggestion,Midnight-Syntax_007,4,5,2025-09-13 21:02:44,https://www.reddit.com/r/bangladesh/comments/1nfzq23/gift_suggestion/
Good knee specialist in Dhaka?,DeltaOmega88,4,5,2025-09-27 11:05:38,https://www.reddit.com/r/bangladesh/comments/1nrmpkq/good_knee_specialist_in_dhaka/
Lovely people with tats! Show off!,Sea_Conversation123,4,27,2025-10-06 08:55:08,https://www.reddit.com/r/bangladesh/comments/1nz7tqd/lovely_people_with_tats_show_off/
"Energy adviser blames section of politicians, businessmen for crisis in gas sector",Shot-Addendum-809,4,2,2025-10-11 16:30:35,https://www.thedailystar.net/news/bangladesh/news/energy-adviser-blames-section-politicians-businessmen-crisis-gas-sector-4007121
Looking for a Bengali &amp; Turkish-speaking local guide in Dhaka üáßüá©üáπüá∑,Erenymk1017,4,2,2025-10-05 21:56:34,https://www.reddit.com/r/bangladesh/comments/1nyrxsi/looking_for_a_bengali_turkishspeaking_local_guide/
Where I can find hot wheels in dhaka?,carefree_victory,3,0,2025-09-19 00:18:16,https://www.reddit.com/r/bangladesh/comments/1nkfz0x/where_i_can_find_hot_wheels_in_dhaka/
How to check if my unofficial phone is new or not?,PilotHere,3,2,2025-09-02 17:19:37,https://www.reddit.com/r/bangladesh/comments/1n6grjt/how_to_check_if_my_unofficial_phone_is_new_or_not/
Therapists in Dhaka that offer services in English,bagpurchaser,3,1,2025-09-07 16:06:10,https://www.reddit.com/r/bangladesh/comments/1napfnc/therapists_in_dhaka_that_offer_services_in_english/
E bike questions,Own-Cranberry-324,3,4,2025-09-17 23:06:45,https://www.reddit.com/r/bangladesh/comments/1njiy1b/e_bike_questions/
Need advice on English spoken proficiency,Saitama2042,3,3,2025-09-05 00:15:35,https://www.reddit.com/r/bangladesh/comments/1n8hrua/need_advice_on_english_spoken_proficiency/
Looking for information about old/public libraries in Dhaka for a Wikimedia GLAM project,Yahya_b,3,0,2025-11-06 02:41:55,https://www.reddit.com/r/bangladesh/comments/1opek7x/looking_for_information_about_oldpublic_libraries/
Anyone studying criminology at university of dhaka?,faceittiger1142,3,0,2025-11-07 02:39:13,https://www.reddit.com/r/bangladesh/comments/1oqa8mf/anyone_studying_criminology_at_university_of_dhaka/
Easy entry to Europe as a masters student.,canttellumyname,3,2,2025-11-06 00:32:53,https://www.reddit.com/r/bangladesh/comments/1opb147/easy_entry_to_europe_as_a_masters_student/
"Anyone worked at Truck Lagbe (Dhaka Head Office, Mohakhali)? Need honest feedback before my interview",Equal_Perspective230,3,2,2025-10-18 20:43:55,https://www.reddit.com/r/bangladesh/comments/1o9xo5r/anyone_worked_at_truck_lagbe_dhaka_head_office/
Best place to live in Bangladesh?,Scared_of_Jobs,3,7,2025-11-17 15:30:51,https://www.reddit.com/r/bangladesh/comments/1ozbxxm/best_place_to_live_in_bangladesh/
Bd domestic flights,zsk471,3,1,2025-11-18 17:06:01,https://www.reddit.com/r/bangladesh/comments/1p09464/bd_domestic_flights/
Pari Bibi's mausoleum at Lalbagh fort. Dhaka (1967) #viral #OldDhaka #Ol...,Sea-Test1273,3,1,2025-11-09 08:42:45,https://youtube.com/watch?v=9gclvfKI7BA&amp;si=IOY6Qeijd40Hxto2
Trusted Gaming Laptop store in Dhaka,Expert-Access7844,3,5,2025-11-10 18:43:46,https://www.reddit.com/r/bangladesh/comments/1otcr6b/trusted_gaming_laptop_store_in_dhaka/
Need recommendation of some trustworthy construction/ development companies in Dhaka?,jobie1267,3,1,2025-10-26 18:05:15,https://www.reddit.com/r/bangladesh/comments/1ogiy0u/need_recommendation_of_some_trustworthy/
Anyone here who can help me visit a church in Dhaka?,Worldly_Yellow_6115,3,10,2025-10-25 00:27:48,https://www.reddit.com/r/bangladesh/comments/1of5gwj/anyone_here_who_can_help_me_visit_a_church_in/
Electronics recycling,Maleficent_Silver560,3,0,2025-10-20 19:26:55,https://www.reddit.com/r/bangladesh/comments/1obiyi9/electronics_recycling/
"wanna go to sylhet for tour with friends from dhaka, need suggestions and advices",Top-Pen-9698,3,3,2025-11-05 16:47:18,https://www.reddit.com/r/bangladesh/comments/1oozmtc/wanna_go_to_sylhet_for_tour_with_friends_from/
Khuni ekhono tar laash ke bhalobashe,KopaShamsur,3,10,2025-09-11 20:25:07,https://i.redd.it/xavb5mm1pjof1.png
"Bangla gamers, any advice for a ps5 player?",ComfyNeo,3,5,2025-09-12 19:47:24,https://www.reddit.com/r/bangladesh/comments/1nf3prl/bangla_gamers_any_advice_for_a_ps5_player/
Delivery Service For My Home Bakery,DirectTone1689,3,5,2025-11-04 23:36:50,https://www.reddit.com/r/bangladesh/comments/1oodndz/delivery_service_for_my_home_bakery/
Any advice on getting a new passport quickly considering my restrictions?,Oryuuu,3,0,2025-10-31 22:45:39,https://www.reddit.com/r/bangladesh/comments/1okzoew/any_advice_on_getting_a_new_passport_quickly/
Trusted Smartphone Shop in Dhaka?,Left_Application293,3,2,2025-10-16 21:08:49,https://www.reddit.com/r/bangladesh/comments/1o88pef/trusted_smartphone_shop_in_dhaka/
"Help Me Pick a 43"" TV Under 50K Taka (Dhaka Buyers ‚Äî Need Your Real Advice!)",drkaly,3,6,2025-10-09 22:57:19,https://www.reddit.com/r/bangladesh/comments/1o2bdbz/help_me_pick_a_43_tv_under_50k_taka_dhaka_buyers/
Where to buy airguns in Dhaka?,Initial-Read4305,3,0,2025-09-21 23:58:39,/r/Dhaka/comments/1nmys6n/where_to_buy_airguns_in_dhaka/
Best place for hair transplant?,Odd-Machine189,3,1,2025-10-15 19:19:33,https://www.reddit.com/r/bangladesh/comments/1o7assq/best_place_for_hair_transplant/
"Between typical private universities in dhaka and public universities in chittagong, which are the best?",tdoteditz_exe,3,3,2025-10-17 17:08:35,https://www.reddit.com/r/bangladesh/comments/1o8ydnb/between_typical_private_universities_in_dhaka_and/
"Got GPA 4.92 (Physics 180, Chemistry 185, Math 151, English A-) ‚Äî Should I continue Engineering or move to University A Unit?",Fantastic-Permit-383,3,4,2025-10-17 16:18:08,https://www.reddit.com/r/bangladesh/comments/1o8xihy/got_gpa_492_physics_180_chemistry_185_math_151/
BCB DHAKA DIVISION CRICKET LEAGUE TOURNAMENTS,dhonbolsen,3,0,2025-10-16 23:35:23,https://www.reddit.com/r/bangladesh/comments/1o8coph/bcb_dhaka_division_cricket_league_tournaments/
Struggles as an English medium student,Recent_Carry810,3,0,2025-10-18 10:22:53,https://www.reddit.com/r/bangladesh/comments/1o9md9e/struggles_as_an_english_medium_student/
Need help finding Platform/Elevator shoes,rejuk70kg,3,2,2025-09-14 11:05:09,https://www.reddit.com/r/bangladesh/comments/1ngihc3/need_help_finding_platformelevator_shoes/
suggest gray/moody aesthetic restaurant in dhaka,No_idea_duh,3,0,2025-09-09 19:03:54,https://www.reddit.com/r/bangladesh/comments/1ncicqn/suggest_graymoody_aesthetic_restaurant_in_dhaka/
Bachelors And Dhaka!,SuspectSuspecious_,3,2,2025-09-27 05:48:42,https://www.reddit.com/r/bangladesh/comments/1nrgnyy/bachelors_and_dhaka/
What are some of the best places for Street Photography in Dhaka? (Excluding Sadarghat),new-grizzly,3,2,2025-09-29 18:43:07,https://www.reddit.com/r/bangladesh/comments/1ntgzr2/what_are_some_of_the_best_places_for_street/
Advice please,aabrarwho,3,0,2025-09-04 13:13:04,https://www.reddit.com/r/bangladesh/comments/1n83f0w/advice_please/
Where else to sell my smartphones?,Select-Day-873,2,0,2025-11-10 16:34:42,https://www.reddit.com/r/bangladesh/comments/1otafe9/where_else_to_sell_my_smartphones/
Buying a 2nd hand flat in banani Dhaka.,Miserable-Bed3514,2,1,2025-11-14 03:11:50,https://www.reddit.com/r/bangladesh/comments/1owd538/buying_a_2nd_hand_flat_in_banani_dhaka/
VoA for Dhaka Inbound from Different Country,Infinitoid,2,1,2025-11-18 02:23:06,/r/visas/comments/1ozr4ex/voa_for_dhaka_inbound_from_different_country/
Is it possible to go to Dhaka by boat from Chittagong?,siam19,2,2,2025-08-29 09:14:33,https://www.reddit.com/r/bangladesh/comments/1n2wive/is_it_possible_to_go_to_dhaka_by_boat_from/
Seeking,Budget-Row9313,2,2,2025-09-10 14:32:14,https://www.reddit.com/r/bangladesh/comments/1nd8nz9/seeking/
Why is Dhaka so trafficy?,Viv3lafranc3,2,1,2025-09-05 09:06:21,https://www.reddit.com/r/bangladesh/comments/1n8u8a4/why_is_dhaka_so_trafficy/
"Does anyone know where can I apply for learning boxing/ Muay thai near Mirpur,Dhaka?",Baked_Pan798,2,1,2025-10-27 02:26:57,https://www.reddit.com/r/bangladesh/comments/1ogv09g/does_anyone_know_where_can_i_apply_for_learning/
Need participants for a study,notkafka311,2,0,2025-10-28 01:09:51,https://www.reddit.com/r/bangladesh/comments/1ohnh2j/need_participants_for_a_study/
Suggestions needed,FarhanAyan_,2,0,2025-10-29 23:48:26,https://www.reddit.com/r/bangladesh/comments/1ojbdpz/suggestions_needed/
Halloween events in dhaka,No_idea_duh,2,0,2025-10-27 04:55:49,/r/Dhaka/comments/1ogyiqp/halloween_events_in_dhaka/
Want a home rent in dhaka,Upset-Pay3295,2,2,2025-11-06 00:12:30,https://www.reddit.com/r/bangladesh/comments/1opag77/want_a_home_rent_in_dhaka/
Suggestions needed,FarhanAyan_,2,0,2025-10-29 23:38:51,https://www.reddit.com/r/bangladesh/comments/1ojb41k/suggestions_needed/
Visa on arrival questions,CompetitiveCat8220,2,2,2025-11-16 09:12:32,https://www.reddit.com/r/bangladesh/comments/1oyaxcr/visa_on_arrival_questions/
Wake up Bangladeshis,Hot-Point-4090,2,1,2025-11-18 13:39:20,https://www.reddit.com/r/bangladesh/comments/1p05vor/wake_up_bangladeshis/
Looking for info about British Council Bangladesh IELTS courses and teacher training,imtiaz_12,2,3,2025-10-05 19:41:32,https://www.reddit.com/r/bangladesh/comments/1nyoj4b/looking_for_info_about_british_council_bangladesh/
Help Needed: Retailer Not Returning IPS Battery Under Warranty,d33pblu7,2,1,2025-09-30 22:51:09,https://www.reddit.com/r/bangladesh/comments/1nuignz/help_needed_retailer_not_returning_ips_battery/
Booze: DHK or COX,YourFavNemesis,2,1,2025-10-06 16:55:22,https://www.reddit.com/r/bangladesh/comments/1nzft5k/booze_dhk_or_cox/
Anyone ever received mail/letters from overseas thru post office?,lonelykidfrom2006,2,1,2025-10-16 21:01:32,https://www.reddit.com/r/bangladesh/comments/1o88ih6/anyone_ever_received_mailletters_from_overseas/
HSC 2025 Dhaka Board Ranking,Consistent-Rule-3720,2,0,2025-10-17 17:33:00,https://www.reddit.com/r/bangladesh/comments/1o8ytxu/hsc_2025_dhaka_board_ranking/
"Where to shop in Dhaka for skirts, tops &amp; three-pieces?",Winter-Fig-4104,2,1,2025-08-27 00:44:50,https://www.reddit.com/gallery/1n0u7fr
Best perfumes to wear in Dhaka,Rapid47,2,1,2025-08-31 16:13:30,/r/Dhaka/comments/1n4q320/best_perfumes_to_wear_in_dhaka/
Are there any restaurants in Puran Dhaka that serve good bengali pork dishes?,DoodhBhaat,2,9,2025-09-01 20:54:59,https://www.reddit.com/r/bangladesh/comments/1n5qvgq/are_there_any_restaurants_in_puran_dhaka_that/
What if Sam Hargrave's Extraction had a Bangladeshi cast,Puzzled-Horse279,2,0,2025-09-08 18:40:12,https://www.reddit.com/gallery/1nbmn0p
Can you suggest me the best ISP (Internet Service Provider) in Dhaka,Mindless_Rest_9284,2,2,2025-10-01 16:10:59,/r/Dhaka/comments/1nv450h/can_you_suggest_me_the_best_isp_internet_service/
Travel video ideas?,clarkeanator,2,3,2025-09-22 03:34:27,https://www.reddit.com/r/bangladesh/comments/1nn4dmj/travel_video_ideas/
"I'm looking for the absolute best ISP for online gaming in Shewrapara, Mirpur Dhaka. Don't suggest Dot , absolute Garbage.",GunsAndRozer,2,0,2025-10-06 13:29:39,https://www.reddit.com/r/bangladesh/comments/1nzclxm/im_looking_for_the_absolute_best_isp_for_online/
"Indian Visiting Dhaka, suggestions?",integer_tostring,2,12,2025-09-27 05:50:22,https://www.reddit.com/r/bangladesh/comments/1nrgp7p/indian_visiting_dhaka_suggestions/
Safe areas to rent for a few days in Dhaka,HappyBlackbirdLOL,2,1,2025-10-07 21:26:58,https://www.reddit.com/r/bangladesh/comments/1o0hx48/safe_areas_to_rent_for_a_few_days_in_dhaka/
IELTS exam center,Ok_Masterpiece_2336,2,2,2025-09-20 00:09:54,https://www.reddit.com/r/bangladesh/comments/1nlaymx/ielts_exam_center/
Dhaka Elevated Expressway Friday Afternoon Drive,Strict-Relief515,2,1,2025-09-10 18:49:09,https://youtu.be/kWHDa0CbisM?si=r8Qyj8wTYGnjUm9C
Best psychologist in Dhaka under budget,Puzzleheaded-Hat6548,2,0,2025-09-10 15:37:08,/r/Dhaka/comments/1nd9lbs/best_psychologist_in_dhaka_under_budget/
Is my college worth it?,cocodew77,2,3,2025-09-20 12:18:11,https://www.reddit.com/r/bangladesh/comments/1nlqo6w/is_my_college_worth_it/
On arrival visa @Dhaka Airport,bangalimahbub,2,4,2025-09-17 02:32:52,https://www.reddit.com/r/bangladesh/comments/1nisxm2/on_arrival_visa_dhaka_airport/
New at Narayanganj City &amp; Help me Survive,No_Firefighter_4964,2,10,2025-09-15 14:13:20,https://www.reddit.com/r/bangladesh/comments/1nhg1mv/new_at_narayanganj_city_help_me_survive/
Dhaka Foreign customs held my product,Fun-Middle-1660,2,1,2025-09-11 08:35:48,https://www.reddit.com/r/bangladesh/comments/1ndxf9p/dhaka_foreign_customs_held_my_product/
"Looking for sources of high quality chains, hoops &amp; metals for jewellery making",nanjeba_borno,2,0,2025-08-28 13:51:24,https://www.reddit.com/r/bangladesh/comments/1n264es/looking_for_sources_of_high_quality_chains_hoops/
Dhaka Awaits Opening Of Century-Old Diamond Vault | Asia One News,maifee,2,0,2025-09-06 11:51:52,https://youtu.be/pfcsNL7AKa4?si=BfXo_wQMhRLZdMeV
Dhaka na Kolkata,RazzmatazzStrict,2,0,2025-09-08 19:25:17,https://www.facebook.com/share/p/1Diw9p6XA6/
Upgrading my iPhone 12 Pro ‚Äì advice on shops &amp; price in Dhaka,Intelligent-Delay-95,2,0,2025-08-31 11:37:33,https://www.reddit.com/r/bangladesh/comments/1n4mq68/upgrading_my_iphone_12_pro_advice_on_shops_price/
Advice on purchasing domestic air ticket?,theuptownpunk,2,3,2025-09-08 14:42:17,https://www.reddit.com/r/bangladesh/comments/1nbiei2/advice_on_purchasing_domestic_air_ticket/
Need to rush the process of name changing in SSC &amp; HSC certificates !!!,Key_Astronaut_7893,2,1,2025-09-03 00:44:10,https://www.reddit.com/r/bangladesh/comments/1n6ruzr/need_to_rush_the_process_of_name_changing_in_ssc/
Chittagong University W or L?,Soul_Sniper_26,1,17,2025-11-04 01:07:16,https://www.reddit.com/r/bangladesh/comments/1onksuc/chittagong_university_w_or_l/
What are the best options for inter district travel?,Nayuist,1,5,2025-10-27 20:35:08,https://www.reddit.com/r/bangladesh/comments/1ohg25v/what_are_the_best_options_for_inter_district/
"I'm not sure if it is only me, but the sky-summit level of MRT line 6 sort of made Dhaka look more modern.",Comfortable-Table-57,1,0,2025-08-28 03:33:46,https://www.reddit.com/r/bangladesh/comments/1n1tv72/im_not_sure_if_it_is_only_me_but_the_skysummit/
I wanna study bachelor in abroad help me üôèüèª,ilovemybmwx5,1,7,2025-10-13 23:35:33,https://www.reddit.com/r/bangladesh/comments/1o5qey6/i_wanna_study_bachelor_in_abroad_help_me/
‡¶≠‡ßÇ‡¶Æ‡¶ß‡ßç‡¶Ø‡¶∏‡¶æ‡¶ó‡¶∞‡ßá‡¶∞ ‡¶®‡¶ø‡¶ö‡ßá ‡¶ò‡ßÅ‡¶Æ‡¶ø‡¶Ø‡¶º‡ßá ‡¶Ü‡¶õ‡ßá ‡¶¨‡¶æ‡¶Ç‡¶≤‡¶æ‡¶¶‡ßá‡¶∂ - The Route of No Return | Voice of Dhaka,Asleep-Jellyfish007,1,0,2025-10-10 18:24:20,https://youtu.be/8bAEafC0TLg?si=rer4-Fy4Ru43IP6O
Shia in puran dhaka,Better_tqas,1,0,2025-10-10 04:56:21,https://www.reddit.com/r/bangladesh/comments/1o2kkc0/shia_in_puran_dhaka/
"ü™î Kali Puja Vibes ‚Äî Looking for a Travel Partner (Dhaka, Oct 20)",dhumketu69,0,8,2025-10-20 05:51:26,https://www.reddit.com/r/bangladesh/comments/1ob4zeg/kali_puja_vibes_looking_for_a_travel_partner/
Can I take my vape,NefariousnessThat317,0,13,2025-10-04 13:23:06,https://www.reddit.com/r/bangladesh/comments/1nxni87/can_i_take_my_vape/
Gift Suggestion,Midnight-Syntax_007,0,1,2025-09-13 01:29:48,https://www.reddit.com/r/bangladesh/comments/1nfcftx/gift_suggestion/
What if Dhaka was abandoned and nature took it back? üåø A mysterious AI short film I made,Competitive-Essay798,0,16,2025-09-03 18:18:57,https://youtu.be/N2-b-XXWxfA?si=0Nbyz6Ez2WWLG66g
