title,author,upvotes,comments,subreddit,date,url
BRAC University‚Äôs Architecture requirements feel kinda unusual,CapsLockChaos,1,4,dhaka,2025-11-19 22:28:22,https://www.reddit.com/r/Dhaka/comments/1p1c9nn/brac_universitys_architecture_requirements_feel/
Explain this Bangladeshi Economy and Market related question to a less educated person.,Forgotten_Seriously,1,0,dhaka,2025-11-19 22:22:43,https://www.reddit.com/r/Dhaka/comments/1p1c44c/explain_this_bangladeshi_economy_and_market/
Where can I download my SSC &amp; HSC marksheets online?,Acceptable-One-7793,1,1,dhaka,2025-11-19 21:46:36,https://www.reddit.com/r/Dhaka/comments/1p1b53j/where_can_i_download_my_ssc_hsc_marksheets_online/
Best Soup in town?,Almostfamous_02,3,3,dhaka,2025-11-19 21:14:31,https://www.reddit.com/r/Dhaka/comments/1p1aa9c/best_soup_in_town/
Let's talk about new year resolutions,theboyisdivine,1,9,dhaka,2025-11-19 21:06:28,https://www.reddit.com/r/Dhaka/comments/1p1a2wd/lets_talk_about_new_year_resolutions/
"Favourite Restaurants in Dhanmondi, Panthapath, Elephant Road.",999baseballs,2,5,dhaka,2025-11-19 20:41:37,https://www.reddit.com/r/Dhaka/comments/1p19g1z/favourite_restaurants_in_dhanmondi_panthapath/
Book recommendation on music theory,Rough_Insurance6722,4,1,dhaka,2025-11-19 20:32:49,https://www.reddit.com/r/Dhaka/comments/1p1984s/book_recommendation_on_music_theory/
Need Someone,cxcuser,0,14,dhaka,2025-11-19 20:16:26,https://www.reddit.com/r/Dhaka/comments/1p18tu4/need_someone/
Need someone,Unusual-Bit-6296,8,39,dhaka,2025-11-19 19:32:54,https://www.reddit.com/r/Dhaka/comments/1p17sc4/need_someone/
I Just hate how most Bangladeshi people just cannot think rationally,Crowned_XD,21,6,dhaka,2025-11-19 19:18:07,https://www.reddit.com/r/Dhaka/comments/1p17g5l/i_just_hate_how_most_bangladeshi_people_just/
Where in Dhaka can I get these Chunky Penny Loafers and Men's long wallet in best price?,Mikoyane,3,5,dhaka,2025-11-19 19:09:52,https://www.reddit.com/r/Dhaka/comments/1p179h3/where_in_dhaka_can_i_get_these_chunky_penny/
Fb page posting pics of women without consent,jasontoddloverr,23,11,dhaka,2025-11-19 18:36:52,https://www.reddit.com/r/Dhaka/comments/1p16k5e/fb_page_posting_pics_of_women_without_consent/
Best dermatologist in DHAKA for Fungal infection (Tinia Cruris),OpenBelt8195,3,2,dhaka,2025-11-19 18:28:22,https://www.reddit.com/r/Dhaka/comments/1p16dp7/best_dermatologist_in_dhaka_for_fungal_infection/
Best online physics course for HSC students in Bangladesh?,No_Arrival_9355,2,4,dhaka,2025-11-19 18:14:45,https://www.reddit.com/r/Dhaka/comments/1p163x9/best_online_physics_course_for_hsc_students_in/
TRAVEL CLUBS,Mundane-Apartment-10,4,3,dhaka,2025-11-19 17:46:38,https://www.reddit.com/r/Dhaka/comments/1p15jus/travel_clubs/
Have anyone face this issue with uber?,readit_bd,3,2,dhaka,2025-11-19 17:38:29,https://www.reddit.com/r/Dhaka/comments/1p15dqp/have_anyone_face_this_issue_with_uber/
Have you used the ALLJOBS service by Teletalk? This is such a buggy website / app. I can't login to my account for the past 1 hour,the-machine-m4n,1,0,dhaka,2025-11-19 17:37:08,https://www.reddit.com/r/Dhaka/comments/1p15cpi/have_you_used_the_alljobs_service_by_teletalk/
Where to sell perfume?,ElectronicValue8056,3,8,dhaka,2025-11-19 17:29:07,https://www.reddit.com/r/Dhaka/comments/1p157dt/where_to_sell_perfume/
Need suggestions,diviaterun,2,5,dhaka,2025-11-19 16:50:52,https://www.reddit.com/r/Dhaka/comments/1p14gek/need_suggestions/
Please Help Me Regarding Sunglasses!!,SpinachDesigner3346,0,3,dhaka,2025-11-19 16:37:38,https://www.reddit.com/gallery/1p148t7
Any BUTEXIAN ?,Funny-Ad-2513,0,2,dhaka,2025-11-19 16:14:49,https://www.reddit.com/r/Dhaka/comments/1p13upx/any_butexian/
Let's talk and do something,Top-Slide-4095,6,34,dhaka,2025-11-19 16:02:01,https://www.reddit.com/r/Dhaka/comments/1p13mr5/lets_talk_and_do_something/
Advice,DriveHeavy5045,7,9,dhaka,2025-11-19 15:55:58,https://www.reddit.com/r/Dhaka/comments/1p13j3q/advice/
Syllabus Completion Problem,rion__2036,3,4,dhaka,2025-11-19 15:55:44,https://www.reddit.com/r/Dhaka/comments/1p13izf/syllabus_completion_problem/
‡¶¨‡¶æ‡¶Ç‡¶≤‡¶æ‡¶¶‡ßá‡¶∂‡ßá‡¶∞ ‡¶´‡ßÅ‡¶ü‡¶¨‡¶≤ ‡¶∏‡ßç‡¶ü‡ßá‡¶°‡¶ø‡ßü‡¶æ‡¶Æ‡ßá‡¶∞ ‡¶ö‡¶æ‡¶∞‡¶¶‡¶ø‡¶ï‡ßá ‡¶è‡¶§‡ßã ‡¶¨‡¶ø‡¶∂‡¶æ‡¶≤ ‡¶ñ‡¶æ‡¶≤‡¶ø ‡¶ú‡¶æ‡ßü‡¶ó‡¶æ ‡¶•‡¶æ‡¶ï‡ßá ‡¶ï‡ßá‡¶®? ‡¶Ø‡ßá‡¶ñ‡¶æ‡¶®‡ßá ‡¶Ü‡¶ß‡ßÅ‡¶®‡¶ø‡¶ï ‡¶¨‡¶ø‡¶∂‡ßç‡¶¨‡ßá‡¶∞ ‡¶ï‡ßã‡¶®‡ßã ‡¶∏‡ßç‡¶ü‡ßá‡¶°‡¶ø‡ßü‡¶æ‡¶Æ‡ßá ‡¶è‡¶Æ‡¶®‡¶ü‡¶æ ‡¶¶‡ßá‡¶ñ‡¶æ ‡¶Ø‡¶æ‡ßü ‡¶®‡¶æ‡•§,Massivehit,6,12,bangladesh,2025-11-19 15:54:57,https://www.reddit.com/gallery/1p13ij3
Need Relationship advice,TacoChair07,11,16,dhaka,2025-11-19 15:44:32,https://www.reddit.com/r/Dhaka/comments/1p13cf3/need_relationship_advice/
Does this look like a Hindu goddess?,Infinite-Sector-8694,151,200,dhaka,2025-11-19 15:22:51,https://www.reddit.com/gallery/1p1303f
Need information about ordering something,Astral_Modulator709,3,4,dhaka,2025-11-19 15:18:35,https://www.reddit.com/r/Dhaka/comments/1p12xjf/need_information_about_ordering_something/
gift for cousins from australia (and restaurant recs),sleepislife25,6,26,dhaka,2025-11-19 15:18:26,https://www.reddit.com/r/Dhaka/comments/1p12xgw/gift_for_cousins_from_australia_and_restaurant/
Entrepreneurship &amp; Sales  Book Suggestions !,anderslio9,2,3,dhaka,2025-11-19 14:53:02,https://www.reddit.com/r/Dhaka/comments/1p12hro/entrepreneurship_sales_book_suggestions/
‡¶è‡¶á ‡¶ü‡¶æ‡¶á‡¶™ ‡¶™‡ßç‡¶Ø‡¶æ‡¶®‡ßç‡¶ü ‡¶ï‡ßã‡¶•‡¶æ‡ßü ‡¶™‡¶æ‡¶¨‡ßã?,Puzzleheaded-Hat6548,13,15,dhaka,2025-11-19 14:32:12,https://www.reddit.com/gallery/1p12614
Need help from BBA students,Outside_Raspberry587,2,1,dhaka,2025-11-19 13:48:30,https://www.reddit.com/r/Dhaka/comments/1p11hww/need_help_from_bba_students/
Taking A levels as a private candidate,Upper-Berry213,7,13,dhaka,2025-11-19 13:30:13,https://www.reddit.com/r/Dhaka/comments/1p117ox/taking_a_levels_as_a_private_candidate/
anxious about future,frustratedcigs,5,10,dhaka,2025-11-19 12:49:23,https://www.reddit.com/r/Dhaka/comments/1p10k0k/anxious_about_future/
need study partner,Diligent_Hunt7245,3,0,dhaka,2025-11-19 12:41:47,https://www.reddit.com/r/Dhaka/comments/1p10fci/need_study_partner/
üéØ Join Our Freelance Transcription Team at Quantigo AI!,Academic_Flamingo250,0,0,dhaka,2025-11-19 12:30:47,https://www.reddit.com/r/Dhaka/comments/1p108gn/join_our_freelance_transcription_team_at_quantigo/
National bank,No_Tailor2427,3,1,dhaka,2025-11-19 11:38:06,https://www.reddit.com/r/Dhaka/comments/1p0zban/national_bank/
Male waxing,BreakfastAutomatic52,12,25,dhaka,2025-11-19 11:33:44,https://www.reddit.com/r/Dhaka/comments/1p0z8j7/male_waxing/
any pharmacy owners here?,Plastic_Comedian_615,1,9,dhaka,2025-11-19 11:06:36,https://www.reddit.com/r/Dhaka/comments/1p0yr0n/any_pharmacy_owners_here/
Recommend a watch for men,Ok_Temperature1414,7,23,dhaka,2025-11-19 10:16:02,https://www.reddit.com/r/Dhaka/comments/1p0xsdf/recommend_a_watch_for_men/
Dhanmondi Lake this morning ‚Äî who else loves morning walks here,Embarrassed-Law6338,16,3,dhaka,2025-11-19 10:00:33,https://www.reddit.com/gallery/1p0xhe4
Denim jeans,CalligrapherWest4585,3,8,dhaka,2025-11-19 09:20:42,https://www.reddit.com/r/Dhaka/comments/1p0wo6w/denim_jeans/
Online platforms where I can buy used smartphones,superkafooo,4,4,dhaka,2025-11-19 08:57:06,https://www.reddit.com/r/Dhaka/comments/1p0w636/online_platforms_where_i_can_buy_used_smartphones/
Radiohead hoodie,Individual-Ad-9678,3,1,dhaka,2025-11-19 07:53:30,https://www.reddit.com/r/Dhaka/comments/1p0uten/radiohead_hoodie/
A level CAIE,Hot-Effective5484,3,2,dhaka,2025-11-19 07:29:04,https://www.reddit.com/r/Dhaka/comments/1p0ua66/a_level_caie/
Is mbbs from Bangladesh worth it??,timespaceweb,18,34,dhaka,2025-11-19 07:24:51,https://www.reddit.com/r/Dhaka/comments/1p0u6z3/is_mbbs_from_bangladesh_worth_it/
BNP er good side ashole ki?,hackerbong,4,43,dhaka,2025-11-19 06:55:58,https://www.reddit.com/r/Dhaka/comments/1p0tk41/bnp_er_good_side_ashole_ki/
Attempting to Resell My Ticket,meetnyself,1,0,dhaka,2025-11-19 05:20:07,https://www.reddit.com/r/Dhaka/comments/1p0rd9n/attempting_to_resell_my_ticket/
Getting Euro payments as a Bangladeshi,Alfred_Pithu,3,4,dhaka,2025-11-19 04:56:44,https://www.reddit.com/r/Dhaka/comments/1p0qsjo/getting_euro_payments_as_a_bangladeshi/
Smartphone without AI features?,Outrageous-Being7136,7,4,dhaka,2025-11-19 01:16:41,https://www.reddit.com/r/Dhaka/comments/1p0l1tb/smartphone_without_ai_features/
Suggest a good doctor for treating hairfall,UnicornFromAlaska,3,4,dhaka,2025-11-19 01:01:40,https://www.reddit.com/r/Dhaka/comments/1p0knch/suggest_a_good_doctor_for_treating_hairfall/
Visiting Dhaka - looking for recommendations,RealZubidoo,2,2,dhaka,2025-11-19 01:00:32,https://www.reddit.com/r/Dhaka/comments/1p0km23/visiting_dhaka_looking_for_recommendations/
Shopping,PostHoliday9789,4,4,dhaka,2025-11-19 01:00:26,https://www.reddit.com/r/Dhaka/comments/1p0klym/shopping/
where to fix roadbikes?,DrySuspect5165,2,2,dhaka,2025-11-19 00:58:35,https://www.reddit.com/r/Dhaka/comments/1p0kk8m/where_to_fix_roadbikes/
Life mistakes..,RadoanIslamEthan,10,7,dhaka,2025-11-19 00:41:11,https://www.reddit.com/r/Dhaka/comments/1p0k375/life_mistakes/
To the US and Europe Based BD community,Left-Homework-6650,3,4,dhaka,2025-11-19 00:06:45,https://www.reddit.com/r/Dhaka/comments/1p0j5gl/to_the_us_and_europe_based_bd_community/
Dad's Birthday,unfrared,6,3,dhaka,2025-11-19 00:02:43,https://www.reddit.com/r/Dhaka/comments/1p0j1hr/dads_birthday/
Dhaka's traffic is getting worse and no one seems to care,StockholmSyndrome_69,23,14,dhaka,2025-11-18 23:46:19,https://www.reddit.com/r/Dhaka/comments/1p0ila3/dhakas_traffic_is_getting_worse_and_no_one_seems/
Is Ali2BD reliable?,SalaryImpressive7469,13,15,dhaka,2025-11-18 23:21:16,https://www.reddit.com/r/Dhaka/comments/1p0hwmn/is_ali2bd_reliable/
How do i pass HSC ICT?,nimbus2346,1,42,dhaka,2025-11-18 22:55:55,https://www.reddit.com/r/Dhaka/comments/1p0h7aq/how_do_i_pass_hsc_ict/
HISTORIC VICTORY FOR THE COUNTRY!!!,Plastic_Repeat_995,66,9,bangladesh,2025-11-18 22:50:10,https://www.reddit.com/r/bangladesh/comments/1p0h1s7/historic_victory_for_the_country/
Bangladesh wins,HinduShibir,218,12,bangladesh,2025-11-18 22:49:47,https://i.redd.it/taw42xk2p12g1.jpeg
Suggest stores to buy unofficial iphone,amnesia_luck,3,10,dhaka,2025-11-18 22:47:02,https://www.reddit.com/r/Dhaka/comments/1p0gyrn/suggest_stores_to_buy_unofficial_iphone/
"Looking to Donate Books in Dhaka , Any Suggestions?",panic_structure,5,1,bangladesh,2025-11-18 22:24:55,https://www.reddit.com/r/bangladesh/comments/1p0gdf8/looking_to_donate_books_in_dhaka_any_suggestions/
are actually reliable birth control pills available in this city?,Proof-Mousse6951,6,9,dhaka,2025-11-18 22:21:13,https://www.reddit.com/r/Dhaka/comments/1p0g9ux/are_actually_reliable_birth_control_pills/
Bangladesh is severely lacking in Public Libraries and overall access to books.,Honest_Ad_6090,55,38,dhaka,2025-11-18 21:43:20,https://www.reddit.com/r/Dhaka/comments/1p0f95k/bangladesh_is_severely_lacking_in_public/
Keychains,AffectionateTie8130,4,6,dhaka,2025-11-18 21:35:47,https://www.reddit.com/gallery/1p0f2bu
20(F),cat-woman2005,0,11,dhaka,2025-11-18 21:33:59,https://www.reddit.com/r/Dhaka/comments/1p0f0ou/20f/
Is there anything I can bring from Germany and sell at a profit in Bangladesh?,United-Road-7338,2,3,dhaka,2025-11-18 21:07:32,https://www.reddit.com/r/Dhaka/comments/1p0ec4j/is_there_anything_i_can_bring_from_germany_and/
How much marks and where my placement should be if I want to get IR (international relation) in BUP FSSS?,Levi_BD,1,0,dhaka,2025-11-18 20:49:31,https://www.reddit.com/r/Dhaka/comments/1p0dvjl/how_much_marks_and_where_my_placement_should_be/
Bangladeshi women should stop settling for less. We are enabling these losers,QuietSuccessfull,149,336,dhaka,2025-11-18 20:37:15,https://www.reddit.com/r/Dhaka/comments/1p0dkr3/bangladeshi_women_should_stop_settling_for_less/
Cloudflare Blocked?,aunnyglitch,20,27,dhaka,2025-11-18 20:05:29,https://www.reddit.com/r/Dhaka/comments/1p0ct5i/cloudflare_blocked/
A little support!,jasontoddloverr,2,3,dhaka,2025-11-18 20:05:16,https://www.reddit.com/r/Dhaka/comments/1p0csyk/a_little_support/
Is this flight connection too risky? Need advice.,meetnyself,1,4,dhaka,2025-11-18 19:57:03,https://www.reddit.com/r/Dhaka/comments/1p0clkw/is_this_flight_connection_too_risky_need_advice/
How to make greek yogurt from Aarong tok doi? Please help,Resident_Ad9808,5,16,dhaka,2025-11-18 19:33:56,https://www.reddit.com/r/Dhaka/comments/1p0c20r/how_to_make_greek_yogurt_from_aarong_tok_doi/
Asking for suggestion for male skincare product,_t_gallant_,4,4,dhaka,2025-11-18 19:30:59,https://www.reddit.com/r/Dhaka/comments/1p0bzka/asking_for_suggestion_for_male_skincare_product/
Streaming App,Ark_rivia,1,3,dhaka,2025-11-18 19:21:27,https://www.reddit.com/r/Dhaka/comments/1p0brn1/streaming_app/
New year resolution suggestions,Famous_Meringue1818,6,10,dhaka,2025-11-18 19:15:22,https://www.reddit.com/r/Dhaka/comments/1p0bmn7/new_year_resolution_suggestions/
Hasina's death sentence,Ok_Big530,0,6,dhaka,2025-11-18 19:13:19,https://www.reddit.com/r/Dhaka/comments/1p0bl1r/hasinas_death_sentence/
Dhaka-Chittagong highway speedcam?,Reedditcdi,3,3,dhaka,2025-11-18 19:07:11,https://www.reddit.com/r/Dhaka/comments/1p0bg39/dhakachittagong_highway_speedcam/
Men beauty,Mobile_Hearing5882,26,98,dhaka,2025-11-18 18:27:44,https://www.reddit.com/r/Dhaka/comments/1p0am65/men_beauty/
BD domestic flights,zsk471,2,3,dhaka,2025-11-18 17:07:13,https://www.reddit.com/r/Dhaka/comments/1p094ve/bd_domestic_flights/
Bd domestic flights,zsk471,3,1,bangladesh,2025-11-18 17:06:01,https://www.reddit.com/r/bangladesh/comments/1p09464/bd_domestic_flights/
Government of the pressure group by the pressure group for the pressure group,RazzmatazzStrict,3,2,dhaka,2025-11-18 16:45:54,https://www.reddit.com/r/Dhaka/comments/1p08rzs/government_of_the_pressure_group_by_the_pressure/
All you can eat Buffet,whatevermeme,19,25,dhaka,2025-11-18 16:44:34,https://www.reddit.com/r/Dhaka/comments/1p08r78/all_you_can_eat_buffet/
Bank loan,Previous-Chocolate99,3,8,dhaka,2025-11-18 16:40:47,https://www.reddit.com/r/Dhaka/comments/1p08ozz/bank_loan/
Dinner Set &amp; Womens Jewellery,Careful_Storm_3665,3,6,dhaka,2025-11-18 16:36:12,https://www.reddit.com/r/Dhaka/comments/1p08mag/dinner_set_womens_jewellery/
Software engineering,PotatoMoney6765,3,9,dhaka,2025-11-18 15:08:37,https://www.reddit.com/r/Dhaka/comments/1p07957/software_engineering/
do ways of making money online really exist? i need serious help. (please no khalid farhan type of advice),unplugged_________,10,19,dhaka,2025-11-18 14:43:46,https://www.reddit.com/r/Dhaka/comments/1p06v7o/do_ways_of_making_money_online_really_exist_i/
Give me your top ragebait,Ok_Temperature1414,23,69,dhaka,2025-11-18 14:13:12,https://www.reddit.com/r/Dhaka/comments/1p06ejd/give_me_your_top_ragebait/
Need hotel recommendations in Banani - unmarried couple,ArthurMorgan_47,16,51,dhaka,2025-11-18 13:59:43,https://www.reddit.com/r/Dhaka/comments/1p066sv/need_hotel_recommendations_in_banani_unmarried/
I'm curious,Deep_While_3960,2,2,dhaka,2025-11-18 13:48:18,https://www.reddit.com/r/Dhaka/comments/1p060m9/im_curious/
‡¶ú‡¶æ‡¶∞‡ßç‡¶®‡¶æ‡¶≤‡¶ø‡¶Ç,Aegon_TargaryanII,15,10,dhaka,2025-11-18 13:45:20,https://www.reddit.com/r/Dhaka/comments/1p05yyg/‡¶ú‡¶∞‡¶®‡¶≤/
Wake up Bangladeshis,Hot-Point-4090,2,1,bangladesh,2025-11-18 13:39:20,https://www.reddit.com/r/bangladesh/comments/1p05vor/wake_up_bangladeshis/
‚Äú‡ßØ‡ß¶-‡¶è‡¶∞ ‡¶¶‡¶∂‡¶ï‡ßá‡¶∞ ‡¶¢‡¶æ‡¶ï‡¶æ‚Äî‡¶Ö‡¶§‡ßÄ‡¶§‡ßá‡¶∞ ‡¶∂‡¶π‡¶∞‡ßá‡¶∞ ‡¶è‡¶ï ‡¶Æ‡ßÅ‡¶π‡ßÇ‡¶∞‡ßç‡¶§ üì∏‚Äù,Embarrassed-Law6338,32,2,dhaka,2025-11-18 13:27:31,https://www.reddit.com/gallery/1p05p8x
Best flower shops,dengxiety,7,4,dhaka,2025-11-18 13:25:41,https://www.reddit.com/r/Dhaka/comments/1p05o7x/best_flower_shops/
Do Bangladeshi University Students Get .edu e-mail addresses?,biggestloserinearth,10,23,dhaka,2025-11-18 13:10:46,https://www.reddit.com/r/Dhaka/comments/1p05g0m/do_bangladeshi_university_students_get_edu_email/
Passport Correction and Renewal in BD,Sensitive_Win_9094,5,3,bangladesh,2025-11-18 13:01:38,https://www.reddit.com/r/bangladesh/comments/1p05anv/passport_correction_and_renewal_in_bd/
"Protibastob from Dhaka Comics - An anthology of comics from various underrated artists, I love these artists so much, they're deserve so much more recognition, and I love the way Bangla comics is going, maybe one day it will become a world famous genre like manga",yasserius,6,0,bangladesh,2025-11-18 12:54:50,https://v.redd.it/2rcejh3kqy1g1
C-B unit Bangla,t1tu_ez4ence,2,1,dhaka,2025-11-18 12:37:42,https://www.reddit.com/r/Dhaka/comments/1p04w9n/cb_unit_bangla/
CU vs RU,Abdullah715279,3,15,dhaka,2025-11-18 12:13:43,https://www.reddit.com/r/Dhaka/comments/1p04hsq/cu_vs_ru/
Books,grey_maverick,1,1,dhaka,2025-11-18 11:50:05,https://www.reddit.com/r/Dhaka/comments/1p042ym/books/
Looking for a Job.,iamnoman18,5,0,bangladesh,2025-11-18 11:01:00,https://www.reddit.com/r/bangladesh/comments/1p036wb/looking_for_a_job/
Looking for a Part Time/ Full time job.,iamnoman18,3,1,dhaka,2025-11-18 11:00:12,https://www.reddit.com/r/Dhaka/comments/1p0369o/looking_for_a_part_time_full_time_job/
Excel Training Centers in Dhanmondi/New Market with Microsoft Certification,hard2resist,3,1,dhaka,2025-11-18 10:55:59,https://www.reddit.com/r/Dhaka/comments/1p033g4/excel_training_centers_in_dhanmondinew_market/
Study MBA!,Extension_Gene_5600,3,4,dhaka,2025-11-18 10:48:55,https://www.reddit.com/r/Dhaka/comments/1p02yqc/study_mba/
Trusted source to donate online?,SpecialistLow1164,5,7,dhaka,2025-11-18 10:33:51,https://www.reddit.com/r/Dhaka/comments/1p02oe5/trusted_source_to_donate_online/
Had anyone buy smartphone from aliexpress if did let me know your opinion,Forward_Initial_5138,4,7,dhaka,2025-11-18 10:08:19,https://www.reddit.com/r/Dhaka/comments/1p026ym/had_anyone_buy_smartphone_from_aliexpress_if_did/
Need advice on what to do..for life..career..etcüò≠,One-Breakfast-3410,5,4,dhaka,2025-11-18 09:55:43,https://www.reddit.com/r/Dhaka/comments/1p01xpd/need_advice_on_what_to_dofor_lifecareeretc/
Need Suggestions for Budget-Friendly Book Sites,Jumpy-Selection-7728,5,2,dhaka,2025-11-18 09:25:27,https://www.reddit.com/r/Dhaka/comments/1p01b6b/need_suggestions_for_budgetfriendly_book_sites/
Good camera repair shop in Dhaka + cost?,Additional-Skirt-937,3,0,dhaka,2025-11-18 07:13:38,https://www.reddit.com/r/Dhaka/comments/1ozyg4t/good_camera_repair_shop_in_dhaka_cost/
Your Top 5 Trusted Phone Shops in Dhaka,Electrical_Example28,8,4,bangladesh,2025-11-18 07:05:16,https://www.reddit.com/r/bangladesh/comments/1ozy9e3/your_top_5_trusted_phone_shops_in_dhaka/
Is arranged marriage still a thing in Bangladesh for male in their early 20s?,hackerbong,50,44,dhaka,2025-11-18 06:56:01,https://www.reddit.com/r/Dhaka/comments/1ozy1x1/is_arranged_marriage_still_a_thing_in_bangladesh/
Can anyone recommend a place to repair headphone near or close to Dhanmondi?,DisSapo1ntment,2,2,dhaka,2025-11-18 06:47:48,https://www.reddit.com/r/Dhaka/comments/1ozxvf4/can_anyone_recommend_a_place_to_repair_headphone/
A level students,Hot-Effective5484,7,4,dhaka,2025-11-18 05:14:35,https://www.reddit.com/r/Dhaka/comments/1ozvonm/a_level_students/
Kinda unemployed,smolcatfis,13,12,dhaka,2025-11-18 04:41:03,https://www.reddit.com/r/Dhaka/comments/1ozuul3/kinda_unemployed/
Need One plus 15,MentionAdmirable1902,2,1,dhaka,2025-11-18 04:37:24,https://www.reddit.com/r/Dhaka/comments/1ozurbe/need_one_plus_15/
Afraid to attend job interview,Great-Object1436,3,7,dhaka,2025-11-18 04:07:46,https://www.reddit.com/r/Dhaka/comments/1oztzwc/afraid_to_attend_job_interview/
Please recommend me a shop/page that can bring thr Fisher Price DJ Table for Kids at lowest price from USA!,AnirbanPaca,1,3,dhaka,2025-11-18 02:50:10,https://www.reddit.com/r/Dhaka/comments/1ozry23/please_recommend_me_a_shoppage_that_can_bring_thr/
VoA for Dhaka Inbound from Different Country,Infinitoid,2,1,bangladesh,2025-11-18 02:23:06,/r/visas/comments/1ozr4ex/voa_for_dhaka_inbound_from_different_country/
I am getting really depressed because of this,Icey-cold,41,32,dhaka,2025-11-18 02:05:00,https://www.reddit.com/r/Dhaka/comments/1ozqqjd/i_am_getting_really_depressed_because_of_this/
Hair salon/parlor suggestions,MacaroonNo3569,3,3,dhaka,2025-11-18 01:58:54,https://www.reddit.com/r/Dhaka/comments/1ozqk4s/hair_salonparlor_suggestions/
Bangladesh Court Orders Death Penalty for Ex-PM Hasina Over Deadly 2024 Uprising,shadrack_CK,4,0,dhaka,2025-11-18 01:56:01,https://dailyglitch.com/bangladesh-court-orders-death-penalty-for-ex-pm-hasina-over-deadly-2024-uprising/
how to gain experience early,SwordfishHealthy3565,3,2,dhaka,2025-11-18 00:44:33,https://www.reddit.com/r/Dhaka/comments/1ozojs8/how_to_gain_experience_early/
"Where can I find good quality shoes, particularly block heels?",AnirbanPaca,4,6,dhaka,2025-11-18 00:28:23,https://www.reddit.com/r/Dhaka/comments/1ozo3da/where_can_i_find_good_quality_shoes_particularly/
Hasina's verdict,AggressiveRange6553,1,1,dhaka,2025-11-18 00:25:59,https://www.reddit.com/r/Dhaka/comments/1ozo0ye/hasinas_verdict/
Need help with a 'theory of sets' mathematical problem.,Nipu2,4,5,dhaka,2025-11-18 00:01:31,https://www.reddit.com/r/Dhaka/comments/1oznc8j/need_help_with_a_theory_of_sets_mathematical/
"‡¶Ü‡¶õ‡¶ø, ‡¶ï‡¶ø‡¶®‡ßç‡¶§‡ßÅ ‡¶Ø‡ßá‡¶® ‡¶®‡ßá‡¶á‡•§",Mean-Spinach7355,9,14,dhaka,2025-11-17 23:58:26,https://www.reddit.com/r/Dhaka/comments/1ozn8yg/‡¶Ü‡¶õ_‡¶ï‡¶®‡¶§_‡¶Ø‡¶®_‡¶®‡¶á/
We need to talk about the border killing issue happening at the Indian border.,kindred_eldtrich,25,10,dhaka,2025-11-17 23:42:51,https://www.reddit.com/r/Dhaka/comments/1ozmtnu/we_need_to_talk_about_the_border_killing_issue/
Awami League ü•±,rohanur69,0,8,dhaka,2025-11-17 23:27:27,https://www.reddit.com/r/Dhaka/comments/1ozmejl/awami_league/
Looking for terrible but expensive restaurants in Dhaka. For recommending to an old enemy.,AlternativeMetal2017,3,2,dhaka,2025-11-17 22:41:35,https://www.reddit.com/r/Dhaka/comments/1ozl5vj/looking_for_terrible_but_expensive_restaurants_in/
Pantheon?,aunnyglitch,2,6,dhaka,2025-11-17 22:17:29,https://www.reddit.com/r/Dhaka/comments/1ozkiaf/pantheon/
do you guys know any wired earphones with good mic quality in dhaka,ghumkhor,5,12,dhaka,2025-11-17 22:15:01,https://www.reddit.com/r/Dhaka/comments/1ozkfvg/do_you_guys_know_any_wired_earphones_with_good/
Bhawal resort / Any resort for couple,Glittering-Tear-8017,9,55,dhaka,2025-11-17 22:12:58,https://www.reddit.com/r/Dhaka/comments/1ozkdv9/bhawal_resort_any_resort_for_couple/
I need suggestion from senior of mbbs student of any Divisional Medical,PaintingCreepy5444,6,3,dhaka,2025-11-17 22:05:06,https://www.reddit.com/r/Dhaka/comments/1ozk6gv/i_need_suggestion_from_senior_of_mbbs_student_of/
‡¶Ö‡¶®‡¶≤‡¶æ‡¶á‡¶® ‡¶ï‡ßã‡¶ö‡¶ø‡¶Ç,Street_Event_2631,1,5,dhaka,2025-11-17 21:45:12,https://www.reddit.com/r/Dhaka/comments/1ozjnlt/‡¶Ö‡¶®‡¶≤‡¶á‡¶®_‡¶ï‡¶ö/
medical aspirant next year,closetedluvergurl,2,1,dhaka,2025-11-17 21:18:34,https://www.reddit.com/r/Dhaka/comments/1oziz2n/medical_aspirant_next_year/
Secret garden as a wedding venue?,swan_lake81,3,0,dhaka,2025-11-17 21:17:18,https://www.reddit.com/r/Dhaka/comments/1ozixtx/secret_garden_as_a_wedding_venue/
Getting flowers for my gf,Eastern-Look-8143,5,11,dhaka,2025-11-17 20:12:46,https://www.reddit.com/r/Dhaka/comments/1ozhbom/getting_flowers_for_my_gf/
help me figure out,Frequent_Craft5676,9,33,dhaka,2025-11-17 20:11:54,https://www.reddit.com/r/Dhaka/comments/1ozhaz8/help_me_figure_out/
Chittagong Port Update,RazzmatazzStrict,11,15,dhaka,2025-11-17 19:49:14,https://www.reddit.com/r/Dhaka/comments/1ozgr9l/chittagong_port_update/
Is there any place at mirpur other than cafes for hangout?,tasara-panda-09020,5,7,dhaka,2025-11-17 19:01:39,https://www.reddit.com/r/Dhaka/comments/1ozfnwp/is_there_any_place_at_mirpur_other_than_cafes_for/
Can someone provide Deshbd dc server invite,yahoo_olivia,1,2,dhaka,2025-11-17 18:32:28,https://www.reddit.com/r/Dhaka/comments/1ozf1v0/can_someone_provide_deshbd_dc_server_invite/
how are people affording to study outside,Temporary_Heart1018,62,84,dhaka,2025-11-17 18:20:20,https://www.reddit.com/r/Dhaka/comments/1ozet9d/how_are_people_affording_to_study_outside/
I‚Äôm tired of struggling‚Ä¶ but I‚Äôm still trying. Need some honest advice.,nafisa_q,11,22,dhaka,2025-11-17 17:41:33,https://www.reddit.com/r/Dhaka/comments/1oze31x/im_tired_of_struggling_but_im_still_trying_need/
Shower Gel,Sparrow_tora_999,19,25,dhaka,2025-11-17 17:36:41,https://www.reddit.com/r/Dhaka/comments/1oze02g/shower_gel/
Asking for opinion,PracticalGur7035,16,23,dhaka,2025-11-17 17:10:38,https://www.reddit.com/r/Dhaka/comments/1ozdjtq/asking_for_opinion/
MTO,Candid-Ad-1951,3,4,dhaka,2025-11-17 17:04:15,https://www.reddit.com/r/Dhaka/comments/1ozdfwx/mto/
Sheikh Hasina's Judgement,RazzmatazzStrict,2,90,dhaka,2025-11-17 16:52:23,https://www.reddit.com/r/Dhaka/comments/1ozd8dx/sheikh_hasinas_judgement/
Hard time,Puzzleheaded_Mine992,6,6,dhaka,2025-11-17 16:51:50,https://www.reddit.com/r/Dhaka/comments/1ozd82s/hard_time/
Failed HSC Twice Can I Still Get Into a Private University in Bangladesh,ResponsibleFudge8955,2,9,dhaka,2025-11-17 16:46:56,https://www.reddit.com/r/Dhaka/comments/1ozd58u/failed_hsc_twice_can_i_still_get_into_a_private/
Ladies: hair parlor?,TurbulentCup5219,7,9,dhaka,2025-11-17 16:06:46,https://www.reddit.com/gallery/1ozchvs
Testaurants like Izakaya,999baseballs,2,9,dhaka,2025-11-17 15:59:21,https://www.reddit.com/r/Dhaka/comments/1ozcdik/testaurants_like_izakaya/
"Dear Shahbagis, you can seek justice and still achieve a death sentence.",ahmad_musaffa,0,49,dhaka,2025-11-17 15:40:02,https://www.reddit.com/r/Dhaka/comments/1ozc2vw/dear_shahbagis_you_can_seek_justice_and_still/
Is a foldable laptop table actually useful?,Suspicious_Cheek3878,5,5,dhaka,2025-11-17 15:32:01,https://www.reddit.com/r/Dhaka/comments/1ozbylb/is_a_foldable_laptop_table_actually_useful/
Best place to live in Bangladesh?,Scared_of_Jobs,3,7,bangladesh,2025-11-17 15:30:51,https://www.reddit.com/r/bangladesh/comments/1ozbxxm/best_place_to_live_in_bangladesh/
Just to know how you guys figure it out.,Abir_Islam,2,18,dhaka,2025-11-17 15:24:19,https://www.reddit.com/r/Dhaka/comments/1ozbufx/just_to_know_how_you_guys_figure_it_out/
Ousted Bangladesh PM Sheikh Hasina sentenced to death for crimes against humanity,Power-Equality,79,42,dhaka,2025-11-17 14:56:28,https://www.indiatoday.in/world/story/ousted-bangladesh-pm-sheikh-hasina-sentenced-to-death-by-dhaka-court-for-crimes-against-humanity-2821159-2025-11-17
Twilight at 60kmph,Equivalent_Doubt_969,19,1,dhaka,2025-11-17 14:39:55,https://www.reddit.com/gallery/1ozb6jr
Sending sensitive medicine like Insulin to Madaripur (Village),7uckingMadMan,5,2,dhaka,2025-11-17 14:09:15,https://www.reddit.com/r/Dhaka/comments/1ozapsj/sending_sensitive_medicine_like_insulin_to/
Bachelors in china,LilNoirito,4,8,dhaka,2025-11-17 13:34:32,https://www.reddit.com/r/Dhaka/comments/1oza6no/bachelors_in_china/
Perfume suggestion under 2000 taka,_parrot_king0,13,12,dhaka,2025-11-17 13:24:04,https://www.reddit.com/r/Dhaka/comments/1oza0t3/perfume_suggestion_under_2000_taka/
Hangout place suggetion!,Equal-Love-4701,3,1,dhaka,2025-11-17 13:23:15,https://www.reddit.com/r/Dhaka/comments/1oza0cn/hangout_place_suggetion/
Need simple healthy meals I can cook alone.,Due_Calligrapher2742,9,10,dhaka,2025-11-17 13:01:33,https://www.reddit.com/r/Dhaka/comments/1oz9nz6/need_simple_healthy_meals_i_can_cook_alone/
Miss Universe Bangladesh 2025 Hype,FinalGeneration,40,74,dhaka,2025-11-17 11:51:29,https://www.reddit.com/r/Dhaka/comments/1oz8hom/miss_universe_bangladesh_2025_hype/
‡¶Æ‡ßá‡¶ü‡ßç‡¶∞‡ßã,Master-Asparagus7789,2,3,dhaka,2025-11-17 11:04:35,https://www.reddit.com/r/Dhaka/comments/1oz7nq5/‡¶Æ‡¶ü‡¶∞/
Visiting Bangladesh after 10 years best food,Noobiepoobie853,3,12,dhaka,2025-11-17 10:41:56,https://www.reddit.com/r/Dhaka/comments/1oz78bp/visiting_bangladesh_after_10_years_best_food/
Where can I find this type of half-zip cable knit sweater in Bangladesh?,beingElias,31,25,dhaka,2025-11-17 10:31:56,https://www.reddit.com/gallery/1oz71g6
MBA Options (Is Jagannath the right choice for me?),Mysterious_Many007,2,13,dhaka,2025-11-17 10:09:46,https://www.reddit.com/r/Dhaka/comments/1oz6lxa/mba_options_is_jagannath_the_right_choice_for_me/
My Android Cellphone got stolen.,Iori3310,5,11,dhaka,2025-11-17 08:23:11,https://www.reddit.com/r/Dhaka/comments/1oz4f9u/my_android_cellphone_got_stolen/
Pakistani Planning to do mbbs from Bangladesh,timespaceweb,27,39,dhaka,2025-11-17 06:19:51,https://www.reddit.com/r/Dhaka/comments/1oz1rjv/pakistani_planning_to_do_mbbs_from_bangladesh/
Bangladesh vs India Football Match,OdysseusWit,3,2,dhaka,2025-11-17 05:55:37,https://www.reddit.com/r/Dhaka/comments/1oz18ey/bangladesh_vs_india_football_match/
Effective support system,No-Scientist-8273,8,8,dhaka,2025-11-17 03:13:18,https://www.reddit.com/r/Dhaka/comments/1oyxcne/effective_support_system/
Music Band suggestions??,IMSALTY-Real,1,8,dhaka,2025-11-17 02:50:02,https://www.reddit.com/r/Dhaka/comments/1oywrwt/music_band_suggestions/
Do you believe in jinn? I want to hear your real experiences,Last-Engineering-649,47,128,dhaka,2025-11-17 02:36:30,https://www.reddit.com/r/Dhaka/comments/1oywfll/do_you_believe_in_jinn_i_want_to_hear_your_real/
How to deal with emotionally and physically abusive father during admission phase,strangerthings8989,3,5,dhaka,2025-11-17 02:03:25,https://www.reddit.com/r/Dhaka/comments/1oyvl75/how_to_deal_with_emotionally_and_physically/
Can deliverymen see what you have ordered?,Legitimate_Sky5632,3,3,dhaka,2025-11-17 01:54:54,https://www.reddit.com/r/Dhaka/comments/1oyvd1r/can_deliverymen_see_what_you_have_ordered/
NID Permanent Address Correction,CaffineIsGood,8,1,dhaka,2025-11-17 01:45:26,https://www.reddit.com/r/Dhaka/comments/1oyv45k/nid_permanent_address_correction/
How do you deal with Anxiety?,SquareProtonWave,5,9,dhaka,2025-11-17 01:32:13,https://www.reddit.com/r/Dhaka/comments/1oyus03/how_do_you_deal_with_anxiety/
MAT(25-26),Interesting-Bag-3210,6,9,dhaka,2025-11-17 00:58:40,https://www.reddit.com/r/Dhaka/comments/1oytx70/mat2526/
Can you tell me about BRTA?,internet_godfather,6,4,dhaka,2025-11-17 00:58:09,https://www.reddit.com/r/Dhaka/comments/1oytwq0/can_you_tell_me_about_brta/
"Bengali in rome,italy",Beginning-Bar-1138,2,0,dhaka,2025-11-17 00:38:59,https://www.reddit.com/r/Dhaka/comments/1oytf00/bengali_in_romeitaly/
Asking for Marriage to Wali,GoingHypersonic,10,5,dhaka,2025-11-17 00:38:58,https://www.reddit.com/r/Dhaka/comments/1oytezq/asking_for_marriage_to_wali/
When do medical colleges open for the next batch in bangladesh 2026,No-Yogurtcloset9949,2,6,dhaka,2025-11-16 23:45:36,https://www.reddit.com/r/Dhaka/comments/1oys0wx/when_do_medical_colleges_open_for_the_next_batch/
‡¶°‡¶ø‡¶¨‡ßá‡¶ü ‡¶∂‡¶ø‡¶ñ‡¶æ‡¶∞ ‡¶ï‡ßã‡¶®‡ßã ‡¶Ö‡¶∞‡ßç‡¶ó‡¶æ‡¶®‡¶æ‡¶á‡¶ú‡ßá‡¶∂‡¶® ‡¶¢‡¶æ‡¶ï‡¶æ‡¶Ø‡¶º ‡¶Ü‡¶õ‡ßá?,Total_Advertising975,5,11,dhaka,2025-11-16 23:10:12,https://www.reddit.com/r/Dhaka/comments/1oyr4f9/‡¶°‡¶¨‡¶ü_‡¶∂‡¶ñ‡¶∞_‡¶ï‡¶®_‡¶Ö‡¶∞‡¶ó‡¶®‡¶á‡¶ú‡¶∂‡¶®_‡¶¢‡¶ï‡¶Ø_‡¶Ü‡¶õ/
Which BUTEX Textile Engineering Department Should My Younger Brother Choose? Need Honest Advice,Redwanul-Haque2467,6,8,dhaka,2025-11-16 23:00:13,https://www.reddit.com/gallery/1oyqux2
Farmgate to BAF Shaheen Kurmitola,Twha_Khan,2,6,dhaka,2025-11-16 22:56:58,https://www.reddit.com/r/Dhaka/comments/1oyqrzp/farmgate_to_baf_shaheen_kurmitola/
Laptop Issue,Longjumping-Fly-480,3,2,dhaka,2025-11-16 22:28:19,https://www.reddit.com/r/Dhaka/comments/1oyq1t1/laptop_issue/
how to be an independent woman in bangladesh,closetedluvergurl,43,26,dhaka,2025-11-16 22:14:54,https://www.reddit.com/r/Dhaka/comments/1oyppkl/how_to_be_an_independent_woman_in_bangladesh/
Suggestion on buying mechanical Keebs.,Flat_Age_5777,2,5,dhaka,2025-11-16 21:47:25,https://www.reddit.com/r/Dhaka/comments/1oyp0bx/suggestion_on_buying_mechanical_keebs/
Coding Partner,ElegantSwimmer3726,5,24,dhaka,2025-11-16 21:38:14,https://www.reddit.com/r/Dhaka/comments/1oyos5d/coding_partner/
Gym Flings!,Almostfamous_02,39,55,dhaka,2025-11-16 21:10:37,https://www.reddit.com/r/Dhaka/comments/1oyo3vr/gym_flings/
Casio buying,Mahmud_Emon,3,3,dhaka,2025-11-16 21:07:55,https://www.reddit.com/r/Dhaka/comments/1oyo1ij/casio_buying/
I WANNA KNOW ABOUT JAGANNATH UNIVERSITY,Competitive-Rate-951,29,49,dhaka,2025-11-16 20:59:00,https://www.reddit.com/r/Dhaka/comments/1oynthc/i_wanna_know_about_jagannath_university/
"I‚Äôm soft, I‚Äôm tired, I‚Äôm trying and that‚Äôs enough. My heart is loud, even if my presence isn‚Äôt.",h_sadia,25,12,dhaka,2025-11-16 20:46:28,https://www.reddit.com/r/Dhaka/comments/1oynina/im_soft_im_tired_im_trying_and_thats_enough_my/
How to start?,Physical-Fact-7191,6,6,dhaka,2025-11-16 20:09:16,https://www.reddit.com/r/Dhaka/comments/1oymnis/how_to_start/
Want to learn to cook,LessTell,10,21,dhaka,2025-11-16 20:06:26,https://www.reddit.com/r/Dhaka/comments/1oyml7q/want_to_learn_to_cook/
Attempting,WasteCrow8280,0,23,dhaka,2025-11-16 19:35:17,https://www.reddit.com/r/Dhaka/comments/1oylvrv/attempting/
is this good for a 11th grader?,Majestic_Search4740,7,6,dhaka,2025-11-16 19:35:09,https://www.reddit.com/r/Dhaka/comments/1oylvo8/is_this_good_for_a_11th_grader/
how do i make money?,StrangeFile8991,17,34,dhaka,2025-11-16 19:25:39,https://www.reddit.com/r/Dhaka/comments/1oyloc5/how_do_i_make_money/
Medical emergency ü¶∫,Hot-Tangerine3979,6,6,dhaka,2025-11-16 19:18:37,https://www.reddit.com/r/Dhaka/comments/1oyliym/medical_emergency/
Tax law firm in Dhaka,Agile-Lifeguard-2063,3,5,dhaka,2025-11-16 18:32:44,https://www.reddit.com/r/Dhaka/comments/1oykl8u/tax_law_firm_in_dhaka/
Earbuds Battery Replacement ( Soundpeats Capsule 3 pro),Advanced_Budget7301,2,4,dhaka,2025-11-16 17:58:39,https://www.reddit.com/r/Dhaka/comments/1oyjy0k/earbuds_battery_replacement_soundpeats_capsule_3/
‡¶Ü‡¶Æ‡¶ø ‡¶¨‡¶á ‡¶™‡¶°‡¶º‡¶§‡ßá ‡¶ñ‡ßÅ‡¶¨ ‡¶≠‡¶æ‡¶≤‡ßã‡¶¨‡¶æ‡¶∏‡¶ø‡•§ ‡¶ï‡¶ø‡¶®‡ßç‡¶§‡ßÅ ‡¶Ü‡¶Æ‡¶æ‡¶∞ ‡¶á‡¶Ç‡¶≤‡¶ø‡¶∂ ‡¶∏‡ßç‡¶ï‡ßÅ‡¶≤ ‡¶≤‡¶æ‡¶á‡¶´ ‡¶§‡ßá‡¶Æ‡¶® ‡¶∏‡ßç‡¶ü‡ßç‡¶∞‡¶Ç ‡¶õ‡¶ø‡¶≤ ‡¶®‡¶æ‚Äî‡¶§‡¶æ‡¶á ‡¶ï‡¶ø‡¶õ‡ßÅ ‡¶á‡¶Ç‡¶≤‡¶ø‡¶∂ ‡¶¨‡¶á ‡¶¨‡ßÅ‡¶ù‡¶§‡ßá ‡¶∏‡¶Æ‡¶∏‡ßç‡¶Ø‡¶æ ‡¶π‡¶Ø‡¶º‡•§,zawad_zarirrr,0,24,dhaka,2025-11-16 17:41:18,https://www.reddit.com/r/Dhaka/comments/1oyjmxp/‡¶Ü‡¶Æ_‡¶¨‡¶á_‡¶™‡¶°‡¶§_‡¶ñ‡¶¨_‡¶≠‡¶≤‡¶¨‡¶∏_‡¶ï‡¶®‡¶§_‡¶Ü‡¶Æ‡¶∞_‡¶á‡¶≤‡¶∂_‡¶∏‡¶ï‡¶≤_‡¶≤‡¶á‡¶´_‡¶§‡¶Æ‡¶®_‡¶∏‡¶ü‡¶∞_‡¶õ‡¶≤/
Gym location,redwizzardalastor,2,1,dhaka,2025-11-16 16:24:59,https://www.reddit.com/r/Dhaka/comments/1oyichb/gym_location/
"Where do I buy authentic shampoos, deodorants and lotions?",External_Pen4135,3,2,dhaka,2025-11-16 16:14:34,https://www.reddit.com/r/Dhaka/comments/1oyi6fe/where_do_i_buy_authentic_shampoos_deodorants_and/
‡¶ü‡¶æ‡¶ï‡¶æ ‡¶¨‡¶æ‡¶¶‡ßá ‡¶ú‡ßÄ‡¶¨‡¶®‡ßá ‡¶ï‡ßã‡¶® ‡¶è‡¶ï‡¶ü‡¶æ ‡¶ú‡¶ø‡¶®‡¶ø‡¶∏ ‡¶Ü‡¶™‡¶®‡¶ø ‡¶∏‡¶¨‡¶ö‡ßá‡ßü‡ßá ‡¶¨‡ßá‡¶∂‡¶ø ‡¶ö‡¶æ‡¶®?,Aaliynah550,40,128,dhaka,2025-11-16 15:59:18,https://www.reddit.com/r/Dhaka/comments/1oyhx82/‡¶ü‡¶ï_‡¶¨‡¶¶_‡¶ú‡¶¨‡¶®_‡¶ï‡¶®_‡¶è‡¶ï‡¶ü_‡¶ú‡¶®‡¶∏_‡¶Ü‡¶™‡¶®_‡¶∏‡¶¨‡¶ö‡ßü_‡¶¨‡¶∂_‡¶ö‡¶®/
I need suggestions on male skincare products?,kindred_eldtrich,2,28,dhaka,2025-11-16 14:15:41,https://www.reddit.com/r/Dhaka/comments/1oyg9mi/i_need_suggestions_on_male_skincare_products/
Guitar,garlicbread0_0,3,16,dhaka,2025-11-16 13:58:06,https://www.reddit.com/r/Dhaka/comments/1oyfzk7/guitar/
NSU RETAKE,Spiritual_Scene634,1,4,dhaka,2025-11-16 13:11:04,https://www.reddit.com/r/Dhaka/comments/1oyf8j3/nsu_retake/
BDüáßüá© vs IndiaüáÆüá≥ Match Ticket for Sale!,Opposite_Extension13,1,1,dhaka,2025-11-16 13:01:03,https://www.reddit.com/r/Dhaka/comments/1oyf2h3/bd_vs_india_match_ticket_for_sale/
Perfumes,omerhabib44,4,16,dhaka,2025-11-16 12:50:35,https://www.reddit.com/r/Dhaka/comments/1oyew7p/perfumes/
CBT for intrusive thoughts,aurora_100,7,10,dhaka,2025-11-16 12:49:45,https://www.reddit.com/r/Dhaka/comments/1oyevpf/cbt_for_intrusive_thoughts/
When will HSC happen?,Mean_Common_5269,3,8,dhaka,2025-11-16 12:31:54,https://www.reddit.com/r/Dhaka/comments/1oyel54/when_will_hsc_happen/
Life of a loser,Mysterious-Fly-9194,30,50,dhaka,2025-11-16 11:40:28,https://www.reddit.com/r/Dhaka/comments/1oydp50/life_of_a_loser/
Self enjoyment,ElegantSteak7738,5,79,dhaka,2025-11-16 11:19:40,https://www.reddit.com/r/Dhaka/comments/1oydc0w/self_enjoyment/
Suggestion for higher education,abid0506,0,3,dhaka,2025-11-16 11:18:11,https://www.reddit.com/r/Dhaka/comments/1oydb2y/suggestion_for_higher_education/
Where can I find cakes that taste amazing and have creative designs?,callmeIFTY,5,10,dhaka,2025-11-16 10:37:09,https://www.reddit.com/r/Dhaka/comments/1oycjw4/where_can_i_find_cakes_that_taste_amazing_and/
‡¶Ö‡¶®‡ßá‡¶ï ‡¶¨‡¶æ‡¶Ç‡¶≤‡¶æ‡¶¶‡ßá‡¶∂‡¶ø ‡¶Ö‡¶≠‡¶ø‡¶¨‡¶æ‡¶∏‡ßÄ‡¶∞ ‡¶∏‡¶¨‡¶ö‡ßá‡¶Ø‡¶º‡ßá ‡¶¨‡¶°‡¶º ‡¶¨‡¶æ‡¶ß‡¶æ ‡¶™‡ßç‡¶∞‡¶æ‡¶Ø‡¶º‡¶á ‡¶§‡¶æ‡¶¶‡ßá‡¶∞ ‡¶®‡¶ø‡¶ú‡ßá‡¶∞ ‡¶ï‡¶Æ‡¶ø‡¶â‡¶®‡¶ø‡¶ü‡¶ø‡¶á ‡¶π‡¶Ø‡¶º‡•§ ‡¶è‡¶ï‡¶ü‡¶ø ‡¶∏‡¶æ‡¶Æ‡ßç‡¶™‡ßç‡¶∞‡¶§‡¶ø‡¶ï ‡¶ò‡¶ü‡¶®‡¶æ ‡¶¶‡ßá‡¶ñ‡¶ø‡¶Ø‡¶º‡ßá‡¶õ‡ßá‚Äî‡¶ï‡ßÄ‡¶≠‡¶æ‡¶¨‡ßá ‡¶è‡¶ï‡¶ú‡¶® ‡¶≤‡ßã‡¶ï ‡¶¨‡ßç‡¶Ø‡¶ï‡ßç‡¶§‡¶ø‡¶ó‡¶§ ‡¶¨‡¶ø‡¶∞‡ßã‡¶ß‡ßá‡¶∞ ‡¶ï‡¶æ‡¶∞‡¶£‡ßá ‡¶®‡¶§‡ßÅ‡¶®‡¶¶‡ßá‡¶∞ ‡¶∏‡¶æ‡¶π‡¶æ‡¶Ø‡ßç‡¶Ø ‡¶ï‡¶∞‡¶æ‡¶∞ ‡¶ú‡¶®‡ßç‡¶Ø ‡¶§‡ßà‡¶∞‡¶ø ‡¶è‡¶ï‡¶ü‡¶ø ‡¶∏‡¶æ‡¶™‡ßã‡¶∞‡ßç‡¶ü ‡¶ó‡ßç‡¶∞‡ßÅ‡¶™‡¶ï‡ßá ‡¶®‡¶ø‡¶ú‡ßá‡¶∞ ‡¶á‡¶ö‡ßç‡¶õ‡¶æ‡¶Æ‡¶§‡ßã ‡¶ó‡ßá‡¶ü‡¶ï‡¶ø‡¶™‡¶ø‡¶Ç ‡¶ï‡¶∞‡¶õ‡¶ø‡¶≤‡•§ ‡¶¨‡¶ø‡¶∑‡¶Ø‡¶º‡¶ü‡¶ø ‡¶ú‡¶æ‡¶®‡¶æ‡¶∞ ‡¶™‡¶∞‡¶ì ‡¶∏‡¶ø‡¶®‡¶ø‡¶Ø‡¶º‡¶∞ ‡¶∏‡¶¶‡¶∏‡ßç‡¶Ø‡¶∞‡¶æ ‡¶ó‡ßÅ‡¶∞‡ßÅ‡¶§‡ßç‡¶¨ ‡¶¶‡¶ø‡¶Ø‡¶º‡ßá ‡¶¶‡ßá‡¶ñ‡ßá‡¶®‡¶®‡¶ø,jbttss,4,6,dhaka,2025-11-16 10:32:02,https://www.reddit.com/r/Dhaka/comments/1oycgiz/‡¶Ö‡¶®‡¶ï_‡¶¨‡¶≤‡¶¶‡¶∂_‡¶Ö‡¶≠‡¶¨‡¶∏‡¶∞_‡¶∏‡¶¨‡¶ö‡¶Ø_‡¶¨‡¶°_‡¶¨‡¶ß_‡¶™‡¶∞‡¶Ø‡¶á_‡¶§‡¶¶‡¶∞_‡¶®‡¶ú‡¶∞_‡¶ï‡¶Æ‡¶â‡¶®‡¶ü‡¶á_‡¶π‡¶Ø/
Lonely,Top-Slide-4095,3,26,dhaka,2025-11-16 10:31:02,https://www.reddit.com/r/Dhaka/comments/1oycfx6/lonely/
PPT expert needed.,raj_monir15,5,8,dhaka,2025-11-16 09:26:29,https://www.reddit.com/r/Dhaka/comments/1oyb77o/ppt_expert_needed/
Visa on arrival questions,CompetitiveCat8220,2,2,bangladesh,2025-11-16 09:12:32,https://www.reddit.com/r/bangladesh/comments/1oyaxcr/visa_on_arrival_questions/
Is there any local bus route using T.T.Para Underpass?,Treasure_Crusho,1,1,dhaka,2025-11-16 08:28:46,https://www.reddit.com/r/Dhaka/comments/1oya1vj/is_there_any_local_bus_route_using_ttpara/
Gulshan Is Not Dhaka,Atel_mamu,5,0,bangladesh,2025-11-16 08:27:55,https://counterpointbd.com/Gulshan-Is-Not-Dhaka
Anybody have a good ayer mach or corsula recipe?,Maximum-Evening3904,2,1,dhaka,2025-11-16 07:31:30,https://www.reddit.com/r/Dhaka/comments/1oy8vzc/anybody_have_a_good_ayer_mach_or_corsula_recipe/
Winter clothes,itzfaria,5,9,dhaka,2025-11-16 03:30:21,https://www.reddit.com/r/Dhaka/comments/1oy3hi9/winter_clothes/
Struggling as an Artist,peedeepeesucks,5,10,dhaka,2025-11-16 02:56:11,https://www.reddit.com/r/Dhaka/comments/1oy2ogy/struggling_as_an_artist/
Seeking Investment to Scale My Small E-commerce Brand (Bangladesh) ‚Äî Need Guidance &amp; Partners,ledlips6214,2,1,dhaka,2025-11-16 02:53:14,https://www.reddit.com/r/Dhaka/comments/1oy2lzd/seeking_investment_to_scale_my_small_ecommerce/
Any Bangladeshi living in oman here? Needed help,zebrina1,19,8,dhaka,2025-11-16 02:10:43,https://www.reddit.com/r/Dhaka/comments/1oy1lpd/any_bangladeshi_living_in_oman_here_needed_help/
Where to invest 15k bdt as a student,dest_v18,2,6,dhaka,2025-11-16 01:55:49,https://www.reddit.com/r/Dhaka/comments/1oy18ai/where_to_invest_15k_bdt_as_a_student/
Do guys find girls with nose piercings attractive?,sabia__,53,132,dhaka,2025-11-16 01:43:15,https://www.reddit.com/r/Dhaka/comments/1oy0x9b/do_guys_find_girls_with_nose_piercings_attractive/
Early morning GOOD breakfast spot at JamunaxBashundhara gate.,NeighborhoodCute6742,2,5,dhaka,2025-11-16 01:18:08,https://www.reddit.com/r/Dhaka/comments/1oy0ae7/early_morning_good_breakfast_spot_at/
Does anyone else think that people of this generation is intellectually poor?,Outrageous-Being7136,44,42,dhaka,2025-11-16 01:06:59,https://www.reddit.com/r/Dhaka/comments/1oy00es/does_anyone_else_think_that_people_of_this/
Quiet places near Dhaka,NefariousnessOk7185,2,15,dhaka,2025-11-16 00:48:15,https://www.reddit.com/r/Dhaka/comments/1oxzj8s/quiet_places_near_dhaka/
Random question,Dizzy_Sky_3350,33,147,dhaka,2025-11-16 00:23:46,https://www.reddit.com/r/Dhaka/comments/1oxyxac/random_question/
CA ki khub hard?,light_yagami004,4,7,dhaka,2025-11-15 23:17:25,https://www.reddit.com/r/Dhaka/comments/1oxx8xx/ca_ki_khub_hard/
Trying to collect foreign currency notes ‚Äî where can I actually get my first ones in Dhaka?,Inevitable-Koala6828,2,3,dhaka,2025-11-15 22:58:02,https://www.reddit.com/r/Dhaka/comments/1oxwr57/trying_to_collect_foreign_currency_notes_where/
Trying to collect foreign currency notes ‚Äî where can I actually get my first ones in Dhaka?,Inevitable-Koala6828,5,1,bangladesh,2025-11-15 22:52:37,https://www.reddit.com/r/bangladesh/comments/1oxwmc6/trying_to_collect_foreign_currency_notes_where/
I GOT FIRED FROM MY JOB AT THE FIRST DAY,goinnbackto505,283,205,dhaka,2025-11-15 21:49:52,https://www.reddit.com/r/Dhaka/comments/1oxv0iq/i_got_fired_from_my_job_at_the_first_day/
Web series,Responsible_Ad8408,2,6,dhaka,2025-11-15 21:38:17,https://www.reddit.com/r/Dhaka/comments/1oxuqal/web_series/
Need advise,Shorkarjak,0,6,dhaka,2025-11-15 21:31:01,https://www.reddit.com/r/Dhaka/comments/1oxujr9/need_advise/
Opinions on Rajshahi Uiversity?,noorbeer,1,1,dhaka,2025-11-15 21:13:34,https://www.reddit.com/r/Dhaka/comments/1oxu4h0/opinions_on_rajshahi_uiversity/
Remote Video Editor Wanted,Arman_hossainalif,5,1,dhaka,2025-11-15 20:59:54,https://www.reddit.com/r/Dhaka/comments/1oxtsr6/remote_video_editor_wanted/
Which restaurant would it be in Dhaka?,Saif10ali,112,36,bangladesh,2025-11-15 20:39:13,https://i.redd.it/b9pbuoyy891g1.jpeg
Financial Suggestions,RespectFull4922,2,7,dhaka,2025-11-15 20:34:10,https://www.reddit.com/r/Dhaka/comments/1oxt769/financial_suggestions/
Du IBA,999baseballs,0,6,dhaka,2025-11-15 20:33:28,https://www.reddit.com/r/Dhaka/comments/1oxt6lz/du_iba/
App that shows live Bangladesh Railway train positions - Find My Train: Bangladesh,jgainbd,86,21,dhaka,2025-11-15 20:13:56,https://www.reddit.com/gallery/1oxsqjf
Any good lighter er dokan?,ivodidalha,1,3,dhaka,2025-11-15 19:53:07,https://www.reddit.com/r/Dhaka/comments/1oxs9ba/any_good_lighter_er_dokan/
Suggest me a trusted service center for desktop motherboard in Multiplan/IDB,gigamind_sajid,3,1,dhaka,2025-11-15 19:22:52,https://www.reddit.com/r/Dhaka/comments/1oxrm1f/suggest_me_a_trusted_service_center_for_desktop/
"A Salafi Bangladeshi scholar is actively calling for jihad, destabilising three countries‚ÄîBangladesh, India, and Myanmar. As you can see in the video, the leadership of Jamaat-e-Islami and the BNP are enjoying this speech.",New_Edge360,6,2,dhaka,2025-11-15 19:16:02,https://www.reddit.com/r/Dhaka/comments/1oxrgxo/a_salafi_bangladeshi_scholar_is_actively_calling/
The truth about Delwar Hossain Sayeedi,_syhumm_,0,12,dhaka,2025-11-15 18:41:02,https://www.reddit.com/r/Dhaka/comments/1oxqqmz/the_truth_about_delwar_hossain_sayeedi/
Weekend activities in city like Dhaka?,PatientHistorian7459,8,37,dhaka,2025-11-15 18:39:33,https://www.reddit.com/r/Dhaka/comments/1oxqplg/weekend_activities_in_city_like_dhaka/
How Yunus Deceived BNP at the Last Minute,Alone-Attention-2139,35,35,bangladesh,2025-11-15 18:31:25,https://www.reddit.com/r/bangladesh/comments/1oxqjxw/how_yunus_deceived_bnp_at_the_last_minute/
Volunteering,Trick_Copy_5402,4,10,dhaka,2025-11-15 18:18:17,https://www.reddit.com/r/Dhaka/comments/1oxqavo/volunteering/
Can I use a phone-taken photo (edited for formality) for university applications?,Extension_Force7563,3,5,dhaka,2025-11-15 18:03:12,https://www.reddit.com/r/Dhaka/comments/1oxq0jd/can_i_use_a_phonetaken_photo_edited_for_formality/
‡¶ó‡ßÄ‡¶ú‡¶æ‡¶∞ (geyser) ‡¶ï‡¶ø‡¶®‡¶§‡ßá ‡¶ö‡¶æ‡¶ö‡ßç‡¶õ‡¶ø,Select-Day-873,8,23,dhaka,2025-11-15 17:46:00,https://www.reddit.com/r/Dhaka/comments/1oxppdb/‡¶ó‡¶ú‡¶∞_geyser_‡¶ï‡¶®‡¶§_‡¶ö‡¶ö‡¶õ/
Does Milestone College charge extra fees for taking a TC?,Minimum-Afternoon323,3,1,dhaka,2025-11-15 17:38:32,https://www.reddit.com/r/Dhaka/comments/1oxpku0/does_milestone_college_charge_extra_fees_for/
when being deulu is the only solution,Odd_Science208,4,1,dhaka,2025-11-15 17:33:40,https://www.reddit.com/r/Dhaka/comments/1oxphu4/when_being_deulu_is_the_only_solution/
how to get thailand visa by december,mehehuuuuh,4,1,dhaka,2025-11-15 17:19:51,https://www.reddit.com/r/Dhaka/comments/1oxp9hj/how_to_get_thailand_visa_by_december/
‡¶™‡ßç‡¶∞‡¶•‡¶Æ‡¶¨‡¶æ‡¶∞ ‡¶•‡¶æ‡¶á‡¶≤‡ßç‡¶Ø‡¶æ‡¶®‡ßç‡¶°,Single-Cat8043,8,10,dhaka,2025-11-15 17:18:52,https://www.reddit.com/r/Dhaka/comments/1oxp8wi/‡¶™‡¶∞‡¶•‡¶Æ‡¶¨‡¶∞_‡¶•‡¶á‡¶≤‡¶Ø‡¶®‡¶°/
should i change schools and take commerce?,vernoniestacos,4,3,dhaka,2025-11-15 17:11:09,https://www.reddit.com/r/Dhaka/comments/1oxp48x/should_i_change_schools_and_take_commerce/
indoor plants,Ruthmila,5,5,dhaka,2025-11-15 16:13:48,https://www.reddit.com/r/Dhaka/comments/1oxo6bd/indoor_plants/
F1,IllustriousArmy7201,23,34,dhaka,2025-11-15 16:07:37,https://www.reddit.com/r/Dhaka/comments/1oxo2p6/f1/
2026 Referendum (‡¶ó‡¶£‡¶≠‡ßã‡¶ü),Ark_rivia,13,13,dhaka,2025-11-15 15:59:06,https://www.reddit.com/r/Dhaka/comments/1oxnxkl/2026_referendum_‡¶ó‡¶£‡¶≠‡¶ü/
I have 2 lakhs to invest | need suggestions to generate 30k‚Äì50k/month within 2‚Äì3 months (Bangladesh),Aggravating-Jury9096,0,27,dhaka,2025-11-15 15:57:33,https://www.reddit.com/r/Dhaka/comments/1oxnwpg/i_have_2_lakhs_to_invest_need_suggestions_to/
Ideology,IllustriousArmy7201,2,15,dhaka,2025-11-15 14:58:58,https://www.reddit.com/r/Dhaka/comments/1oxmzxc/ideology/
"My grandfather (Nana) told my mom when she was a child that laughing too loudly would make her sinful and made her recite an Arabic verse whenever she laughed. Even normal laughter made her stop midway and quickly recite the verse, believing she had sinned.",the-machine-m4n,69,37,dhaka,2025-11-15 14:40:15,https://www.reddit.com/r/Dhaka/comments/1oxmplw/my_grandfather_nana_told_my_mom_when_she_was_a/
Places to get the best Mishti around Dhaka?,clarkeanator,7,8,bangladesh,2025-11-15 12:53:03,https://www.reddit.com/r/bangladesh/comments/1oxkzei/places_to_get_the_best_mishti_around_dhaka/
Buying a 2nd hand flat in banani Dhaka.,Miserable-Bed3514,2,1,bangladesh,2025-11-14 03:11:50,https://www.reddit.com/r/bangladesh/comments/1owd538/buying_a_2nd_hand_flat_in_banani_dhaka/
"Dhaka today.... No, more like everyday.",biscute2077,8,0,bangladesh,2025-11-13 21:24:47,https://i.redd.it/biczw6icl11g1.jpeg
Property inheritance to our child who is not a Bangladeshi citizen.,Hawk_KL01,18,15,bangladesh,2025-11-12 17:12:51,https://www.reddit.com/r/bangladesh/comments/1ov2e8w/property_inheritance_to_our_child_who_is_not_a/
Its abt outfit,rrrihaaa,7,4,bangladesh,2025-11-12 01:12:08,https://www.reddit.com/r/bangladesh/comments/1ouihfn/its_abt_outfit/
A Bangladeshi couple who died in the 9/11 attacks.,Maverick_00x,557,54,bangladesh,2025-11-11 15:31:13,https://i.redd.it/nht3sj3gkl0g1.jpeg
What if Bangladesh actually had high-speed trains(250-350km/hour)?,SheehabMuhammad,16,35,bangladesh,2025-11-11 01:06:11,https://www.reddit.com/r/bangladesh/comments/1otmrhf/what_if_bangladesh_actually_had_highspeed/
"If you had 6 months rent-free in a prime Gulshan/Banani duplex, how would you use it to build a business?",Anushirvan,6,7,bangladesh,2025-11-11 00:28:17,https://www.reddit.com/r/bangladesh/comments/1otloqw/if_you_had_6_months_rentfree_in_a_prime/
Buffet suggestions in Dhaka,Few-Pumpkin3842,5,0,bangladesh,2025-11-10 21:26:24,https://www.reddit.com/r/bangladesh/comments/1otgoow/buffet_suggestions_in_dhaka/
Peace agreement before GTA VI,Sweaty_Topic8036,13,1,bangladesh,2025-11-10 21:13:17,https://i.redd.it/9zqr0tak4g0g1.jpeg
Trusted Gaming Laptop store in Dhaka,Expert-Access7844,3,5,bangladesh,2025-11-10 18:43:46,https://www.reddit.com/r/bangladesh/comments/1otcr6b/trusted_gaming_laptop_store_in_dhaka/
"Over a hundred primary school teachers were injured as police used batons, sound grenades, tear gas, and water cannons",Plastic_Repeat_995,15,3,bangladesh,2025-11-10 16:44:44,https://www.reddit.com/r/bangladesh/comments/1otal21/over_a_hundred_primary_school_teachers_were/
Where else to sell my smartphones?,Select-Day-873,2,0,bangladesh,2025-11-10 16:34:42,https://www.reddit.com/r/bangladesh/comments/1otafe9/where_else_to_sell_my_smartphones/
Crude bombs exploded at four separate locations in Dhaka this morning (10 November),Plastic_Repeat_995,13,8,bangladesh,2025-11-10 16:06:55,https://www.reddit.com/r/bangladesh/comments/1ot9zry/crude_bombs_exploded_at_four_separate_locations/
‚ÄºÔ∏èCrude bombs exploded at 4 locations in Dhaka,AtikulIslam4142,80,25,bangladesh,2025-11-10 15:37:37,https://i.redd.it/j7we8xhoge0g1.jpeg
‚ö†Ô∏è Top-listed criminal shot dead in broad daylight,AtikulIslam4142,185,44,bangladesh,2025-11-10 14:55:29,https://v.redd.it/iolsj0w49e0g1
Any querier service to send iPad outside Dhaka.,muaz_moss,7,3,bangladesh,2025-11-10 07:03:44,https://www.reddit.com/r/bangladesh/comments/1ot0cii/any_querier_service_to_send_ipad_outside_dhaka/
Sending a 20 kg parcel from Dhaka to Budapest ‚Äî any affordable and reliable courier options?,PrimaryInspection969,6,1,bangladesh,2025-11-09 23:27:17,https://www.reddit.com/r/bangladesh/comments/1osp5us/sending_a_20_kg_parcel_from_dhaka_to_budapest_any/
Animal rescue/shelter in Dhaka?,Tall_Monster,7,2,bangladesh,2025-11-09 21:13:06,https://www.reddit.com/r/bangladesh/comments/1oslsdl/animal_rescueshelter_in_dhaka/
"Will contest election from Dhaka, resignation depends on govt's decision: Asif Mahmud",PrintRealistic6750,22,12,bangladesh,2025-11-09 19:32:34,https://i.redd.it/qa0omg5oh80g1.jpeg
"A peanut seller counts his loss as his Tk3,000....",Plastic_Repeat_995,124,6,bangladesh,2025-11-09 15:56:35,https://i.redd.it/cktvhqjve70g1.png
"Students of Ideal, Dhaka colleges reach peace agreement; City College missing from truce effort",Necessary-Hunt6104,82,24,bangladesh,2025-11-09 15:53:45,https://i.redd.it/srzvgb2le70g1.png
My 28 months baby still not talking :(,Fancy-Day3847,32,17,bangladesh,2025-11-09 14:43:02,https://www.reddit.com/r/bangladesh/comments/1osedtk/my_28_months_baby_still_not_talking/
Need suggestions for Resort near Dhaka (for Honeymoon),Maybe_some,5,5,bangladesh,2025-11-09 10:55:24,https://www.reddit.com/r/bangladesh/comments/1osai6z/need_suggestions_for_resort_near_dhaka_for/
Pari Bibi's mausoleum at Lalbagh fort. Dhaka (1967) #viral #OldDhaka #Ol...,Sea-Test1273,3,1,bangladesh,2025-11-09 08:42:45,https://youtube.com/watch?v=9gclvfKI7BA&amp;si=IOY6Qeijd40Hxto2
Anyone using Finasteride or Minoxidil? Need advice and good doctor recommendations,pulokjk,7,9,bangladesh,2025-11-08 23:36:09,https://www.reddit.com/r/bangladesh/comments/1orvd4f/anyone_using_finasteride_or_minoxidil_need_advice/
Need advice,Fragrant_Drop7397,6,3,bangladesh,2025-11-08 22:31:26,https://www.reddit.com/r/bangladesh/comments/1ortrhs/need_advice/
Best place for cataract surgery in Dhaka?,Available-Ad-1014,5,1,bangladesh,2025-11-07 21:14:11,https://www.reddit.com/r/bangladesh/comments/1oqx0m5/best_place_for_cataract_surgery_in_dhaka/
My Story,Budget_Platform_3736,47,37,bangladesh,2025-11-07 13:35:35,https://www.reddit.com/r/bangladesh/comments/1oqo6u5/my_story/
Anyone studying criminology at university of dhaka?,faceittiger1142,3,0,bangladesh,2025-11-07 02:39:13,https://www.reddit.com/r/bangladesh/comments/1oqa8mf/anyone_studying_criminology_at_university_of_dhaka/
Massacre in Dhaka!,Gold1Smith,24,25,bangladesh,2025-11-06 17:12:20,https://i.redd.it/x1zd0mjxdmzf1.jpeg
Looking for information about old/public libraries in Dhaka for a Wikimedia GLAM project,Yahya_b,3,0,bangladesh,2025-11-06 02:41:55,https://www.reddit.com/r/bangladesh/comments/1opek7x/looking_for_information_about_oldpublic_libraries/
Easy entry to Europe as a masters student.,canttellumyname,4,1,bangladesh,2025-11-06 00:32:58,https://www.reddit.com/r/bangladesh/comments/1opb16r/easy_entry_to_europe_as_a_masters_student/
Easy entry to Europe as a masters student.,canttellumyname,3,2,bangladesh,2025-11-06 00:32:53,https://www.reddit.com/r/bangladesh/comments/1opb147/easy_entry_to_europe_as_a_masters_student/
Perfume Decants are a scam,azim-_-,4,7,bangladesh,2025-11-06 00:18:20,https://www.reddit.com/r/bangladesh/comments/1opam78/perfume_decants_are_a_scam/
Want a home rent in dhaka,Upset-Pay3295,2,2,bangladesh,2025-11-06 00:12:30,https://www.reddit.com/r/bangladesh/comments/1opag77/want_a_home_rent_in_dhaka/
"wanna go to sylhet for tour with friends from dhaka, need suggestions and advices",Top-Pen-9698,3,3,bangladesh,2025-11-05 16:47:18,https://www.reddit.com/r/bangladesh/comments/1oozmtc/wanna_go_to_sylhet_for_tour_with_friends_from/
Probe blames pilot error for Milestone crash; all Air Force training to shift outside Dhaka,PrintRealistic6750,55,25,bangladesh,2025-11-05 16:36:41,https://i.redd.it/50k19bjm2fzf1.png
Why doesn‚Äôt Bangladesh have a soft power strategy?,Lampedusan,24,29,bangladesh,2025-11-05 11:02:18,https://www.reddit.com/r/bangladesh/comments/1oou4fh/why_doesnt_bangladesh_have_a_soft_power_strategy/
Bangladesh travel for uk female and Nepali boy in January ?,Soft-Dance-8601,5,5,bangladesh,2025-11-05 03:55:50,https://www.reddit.com/r/bangladesh/comments/1ooklaw/bangladesh_travel_for_uk_female_and_nepali_boy_in/
Delivery Service For My Home Bakery,DirectTone1689,3,5,bangladesh,2025-11-04 23:36:50,https://www.reddit.com/r/bangladesh/comments/1oodndz/delivery_service_for_my_home_bakery/
"‡¶´‡ßç‡¶Ø‡¶æ‡¶ï‡ßç‡¶ü‡¶∞‡¶ø ‡¶™‡ßÅ‡ßú‡ßá, ‡¶¨‡¶ø‡¶Æ‡¶æ‡¶®‡¶¨‡¶®‡ßç‡¶¶‡¶∞ ‡¶™‡ßÅ‡ßú‡ßá, ‡¶®‡¶ø‡¶∞‡ßç‡¶¨‡¶æ‡¶ö‡¶® ‡¶¶‡¶ø‡ßü‡ßá ‡¶¨‡¶æ‡¶Å‡¶ö‡¶æ‡¶®: ‡¶¨‡¶ø‡¶ü‡¶ø‡¶è‡¶Æ‡¶è ‡¶∏‡¶≠‡¶æ‡¶™‡¶§‡¶ø | BTMA | Dhaka | Somoy TV",maifee,7,1,bangladesh,2025-11-04 19:40:09,https://youtu.be/vIWal0m-Wx8?si=SA8-gcWLyQuiIXZK
"BAF Shaheen College, Dhaka",Plastic_Repeat_995,18,2,bangladesh,2025-11-04 15:22:45,https://www.reddit.com/gallery/1oo2xj2
Chittagong University W or L?,Soul_Sniper_26,1,17,bangladesh,2025-11-04 01:07:16,https://www.reddit.com/r/bangladesh/comments/1onksuc/chittagong_university_w_or_l/
BNP candidates for JS polls: Who‚Äôs in the race for which seat in Dhaka?,PrintRealistic6750,5,2,bangladesh,2025-11-03 23:44:16,https://i.redd.it/vxqvezo3x2zf1.png
"Anybody got the ""Dhaka Racing 2003"" game?",VapeyMoron,7,3,bangladesh,2025-11-03 23:28:32,https://www.reddit.com/r/bangladesh/comments/1oni0r8/anybody_got_the_dhaka_racing_2003_game/
BNP's Shafiqul Islam likely to face Jamaat chief Shafiqur in Dhaka-15,PrintRealistic6750,21,7,bangladesh,2025-11-03 19:56:45,https://i.redd.it/7dmgyq5is1zf1.png
Need advice on future plans for studying Physics.,the_wave_equation,4,0,bangladesh,2025-11-02 21:08:34,https://www.reddit.com/r/bangladesh/comments/1omjooy/need_advice_on_future_plans_for_studying_physics/
The Daily Star Caught Red-Handed using AI-written Article,AtikulIslam4142,63,19,bangladesh,2025-11-02 18:19:22,https://www.reddit.com/r/bangladesh/comments/1omftpq/the_daily_star_caught_redhanded_using_aiwritten/
‡¶Ü‡¶Æ‡¶ø Windows &amp; Android user.,seowithriazul,5,2,bangladesh,2025-11-01 08:39:38,https://i.redd.it/r523t19t5kyf1.png
Any advice on getting a new passport quickly considering my restrictions?,Oryuuu,3,0,bangladesh,2025-10-31 22:45:39,https://www.reddit.com/r/bangladesh/comments/1okzoew/any_advice_on_getting_a_new_passport_quickly/
‚ÄòNo one stood up for her‚Äô: Bus helper arrested for hitting woman,fogrampercot,53,13,bangladesh,2025-10-31 16:35:59,https://www.thedailystar.net/news/bangladesh/news/no-one-stood-her-bus-helper-arrested-hitting-woman-4023751
Where can I find 99% Isopropyl alcohol in Dhaka?,Expert_Point_7816,6,4,bangladesh,2025-10-31 01:53:43,https://www.reddit.com/r/bangladesh/comments/1ok9ux0/where_can_i_find_99_isopropyl_alcohol_in_dhaka/
Dhaka University's admission notice mentions Hijras as disabled,AntiAgent006,23,16,bangladesh,2025-10-30 21:55:31,https://i.redd.it/44ixesn2u9yf1.jpeg
‚Äò‡ß´ ‡¶Ü‡¶ó‡¶∏‡ßç‡¶ü‡ßá ‡¶Ü‡¶Æ‡¶∞‡¶æ ‡¶™‡ßÅ‡¶≤‡¶ø‡¶∂ ‡¶Æ‡ßá‡¶∞‡ßá ‡¶ù‡ßÅ‡¶≤‡¶ø‡ßü‡ßá ‡¶∞‡ßá‡¶ñ‡ßá‡¶õ‡¶ø‚Äô,AtikulIslam4142,27,2,bangladesh,2025-10-30 18:16:37,https://www.reddit.com/r/bangladesh/comments/1ojy2iv/‡ß´_‡¶Ü‡¶ó‡¶∏‡¶ü_‡¶Ü‡¶Æ‡¶∞_‡¶™‡¶≤‡¶∂_‡¶Æ‡¶∞_‡¶ù‡¶≤‡ßü_‡¶∞‡¶ñ‡¶õ/
Best thrifting place in Dhaka??,DebtLess2374,5,1,bangladesh,2025-10-30 16:45:34,https://www.reddit.com/r/bangladesh/comments/1ojwbts/best_thrifting_place_in_dhaka/
Suggestions needed,FarhanAyan_,2,0,bangladesh,2025-10-29 23:48:26,https://www.reddit.com/r/bangladesh/comments/1ojbdpz/suggestions_needed/
Suggestions needed,FarhanAyan_,2,0,bangladesh,2025-10-29 23:38:51,https://www.reddit.com/r/bangladesh/comments/1ojb41k/suggestions_needed/
visited Bangladesh,loserinlifee,18,3,bangladesh,2025-10-29 20:54:50,https://www.reddit.com/r/bangladesh/comments/1oj6ph0/visited_bangladesh/
Challenges in Policing (part 2): Those who provide security live without dignity,AtikulIslam4142,19,4,bangladesh,2025-10-29 19:02:01,https://www.reddit.com/r/bangladesh/comments/1oj3wxl/challenges_in_policing_part_2_those_who_provide/
‡¶™‡ßã‡¶∂‡¶æ‡¶ï ‡¶®‡¶ø‡ßü‡ßá ‡¶ï‡¶ü‡ßÅ‡¶ï‡ßç‡¶§‡¶ø‡¶ï‡¶æ‡¶∞‡ßÄ‡¶ï‡ßá ‡¶ú‡ßÅ‡¶§‡¶æ‡¶™‡ßá‡¶ü‡¶æ ‡¶ï‡¶∞‡¶≤‡ßá‡¶® ‡¶§‡¶∞‡ßÅ‡¶£‡ßÄ,AtikulIslam4142,207,93,bangladesh,2025-10-29 16:50:00,https://www.reddit.com/r/bangladesh/comments/1oj1995/‡¶™‡¶∂‡¶ï_‡¶®‡ßü_‡¶ï‡¶ü‡¶ï‡¶§‡¶ï‡¶∞‡¶ï_‡¶ú‡¶§‡¶™‡¶ü_‡¶ï‡¶∞‡¶≤‡¶®_‡¶§‡¶∞‡¶£/
Challenges in Policing (part 1): Inside the broken funding of BD police,AtikulIslam4142,10,2,bangladesh,2025-10-28 20:06:52,https://www.reddit.com/r/bangladesh/comments/1oiabnu/challenges_in_policing_part_1_inside_the_broken/
Need participants for a study,notkafka311,2,0,bangladesh,2025-10-28 01:09:51,https://www.reddit.com/r/bangladesh/comments/1ohnh2j/need_participants_for_a_study/
Abduction or staged drama?,AtikulIslam4142,29,31,bangladesh,2025-10-28 01:05:53,https://www.reddit.com/r/bangladesh/comments/1ohnd6w/abduction_or_staged_drama/
What are the best options for inter district travel?,Nayuist,1,5,bangladesh,2025-10-27 20:35:08,https://www.reddit.com/r/bangladesh/comments/1ohg25v/what_are_the_best_options_for_inter_district/
Is your family‚Äôs income halal?,United-Life7473,19,50,bangladesh,2025-10-27 19:55:45,https://www.reddit.com/r/bangladesh/comments/1ohf2mo/is_your_familys_income_halal/
WHAT IS YOUR THOUGHT ABOUT FARMGATE METRO RAIL INCIDENT,Flat_South_8384,6,1,bangladesh,2025-10-27 11:25:20,https://www.reddit.com/r/bangladesh/comments/1oh6954/what_is_your_thought_about_farmgate_metro_rail/
"Why is the Comilla, Noakhali and Chandpur regions so densely populated, outside of Dhaka region? I thought the whole Barisal and Khulna divisions were more dense",maproomzibz,20,9,bangladesh,2025-10-27 10:32:55,https://i.redd.it/q2kyw9ud1lxf1.png
Halloween events in dhaka,No_idea_duh,2,0,bangladesh,2025-10-27 04:55:49,/r/Dhaka/comments/1ogyiqp/halloween_events_in_dhaka/
"Does anyone know where can I apply for learning boxing/ Muay thai near Mirpur,Dhaka?",Baked_Pan798,2,1,bangladesh,2025-10-27 02:26:57,https://www.reddit.com/r/bangladesh/comments/1ogv09g/does_anyone_know_where_can_i_apply_for_learning/
Need recommendation of some trustworthy construction/ development companies in Dhaka?,jobie1267,3,1,bangladesh,2025-10-26 18:05:15,https://www.reddit.com/r/bangladesh/comments/1ogiy0u/need_recommendation_of_some_trustworthy/
Dhaka Metro costs 5 times India's: Jica review sought to cut millions,Necessary-Hunt6104,69,23,bangladesh,2025-10-26 11:35:12,https://i.redd.it/u7tqzoxq7exf1.jpeg
Wanna start a paintball business,SiaM_AhameD21,30,6,bangladesh,2025-10-25 21:54:04,https://i.redd.it/b0dkgm545axf1.jpeg
Indian Transit Visa for Bangladeshi,lonelykidfrom2006,6,1,bangladesh,2025-10-25 13:50:48,https://www.reddit.com/r/bangladesh/comments/1oflrmh/indian_transit_visa_for_bangladeshi/
"As a Hindu Bangladeshi, it's so hard to have conversations with people about Bangladesh",LeadingSea6037,107,28,bangladesh,2025-10-25 11:54:42,https://www.reddit.com/r/bangladesh/comments/1ofjxl6/as_a_hindu_bangladeshi_its_so_hard_to_have/
What are your honest thoughts on marriage in Bangladesh today?,BirdApprehensive9273,16,22,bangladesh,2025-10-25 05:15:55,https://www.reddit.com/r/bangladesh/comments/1ofcejn/what_are_your_honest_thoughts_on_marriage_in/
Anyone here who can help me visit a church in Dhaka?,Worldly_Yellow_6115,3,10,bangladesh,2025-10-25 00:27:48,https://www.reddit.com/r/bangladesh/comments/1of5gwj/anyone_here_who_can_help_me_visit_a_church_in/
Need Suggestions for Men‚Äôs Salons in Dhaka,NoPerception9519,4,1,bangladesh,2025-10-24 16:07:01,https://www.reddit.com/r/bangladesh/comments/1oetrlw/need_suggestions_for_mens_salons_in_dhaka/
Why is Bangladesh so shitty?,Vigilante-225,50,49,bangladesh,2025-10-23 09:24:56,https://www.reddit.com/r/bangladesh/comments/1odsu0i/why_is_bangladesh_so_shitty/
Try plastickothay,Any-Interaction-3192,4,1,bangladesh,2025-10-23 02:49:18,https://www.reddit.com/r/bangladesh/comments/1odk3yw/try_plastickothay/
Buying an apartment in dhaka,Superzues09,6,10,bangladesh,2025-10-22 13:02:05,https://www.reddit.com/r/bangladesh/comments/1od1bmc/buying_an_apartment_in_dhaka/
Seeking Suggestions for places to Settle-Down,eddieJK1630,4,4,bangladesh,2025-10-22 12:48:25,https://www.reddit.com/r/bangladesh/comments/1od13o9/seeking_suggestions_for_places_to_settledown/
Looking Suggestion for extra large size men clothes in Dhaka.,ais_21,6,12,bangladesh,2025-10-22 09:05:36,https://www.reddit.com/r/bangladesh/comments/1ocx53y/looking_suggestion_for_extra_large_size_men/
Why the r/Dhaka is almost twice as big as r/Bangladesh?,Plastic_Repeat_995,11,38,bangladesh,2025-10-22 08:30:32,https://www.reddit.com/r/bangladesh/comments/1ocwfdr/why_the_rdhaka_is_almost_twice_as_big_as/
"Rajuk College, Dhaka admission exam 2025",Silly-Bed2231,5,3,bangladesh,2025-10-20 22:55:50,https://www.reddit.com/r/bangladesh/comments/1obnk32/rajuk_college_dhaka_admission_exam_2025/
Electronics recycling,Maleficent_Silver560,3,0,bangladesh,2025-10-20 19:26:55,https://www.reddit.com/r/bangladesh/comments/1obiyi9/electronics_recycling/
Is RETINA a Jamaati organization?,NoSpeaker324,39,24,bangladesh,2025-10-20 17:56:03,https://www.reddit.com/r/bangladesh/comments/1obh1sl/is_retina_a_jamaati_organization/
Awful Experience,snythxox,10,0,bangladesh,2025-10-20 16:46:24,https://www.reddit.com/r/bangladesh/comments/1obfvsy/awful_experience/
"ü™î Kali Puja Vibes ‚Äî Looking for a Travel Partner (Dhaka, Oct 20)",dhumketu69,0,8,bangladesh,2025-10-20 05:51:26,https://www.reddit.com/r/bangladesh/comments/1ob4zeg/kali_puja_vibes_looking_for_a_travel_partner/
Imagine if Dhaka still looked like this...,maproomzibz,117,32,bangladesh,2025-10-20 01:47:40,https://i.redd.it/shw7y3ieh4wf1.png
Jagannath University student found dead in Old Dhaka building,Necessary-Hunt6104,23,2,bangladesh,2025-10-19 20:27:04,https://i.redd.it/4bg1ia39w2wf1.jpeg
Dhaka grants full tax break on Rooppur debt repayment to Russia‚Äôs Rosatom subsidiary,Necessary-Hunt6104,4,2,bangladesh,2025-10-19 15:51:10,https://i.redd.it/r2f2riw0j1wf1.png
Looking for open minded affordable psychiatrists who specialize in adhd and autism in Dhaka.,Andromeda-K-,6,3,bangladesh,2025-10-18 23:15:29,https://www.reddit.com/r/bangladesh/comments/1oa1g4u/looking_for_open_minded_affordable_psychiatrists/
"Dhaka airport fire: Businesses fear over $1 billion impact on imports, exports",Necessary-Hunt6104,33,3,bangladesh,2025-10-18 22:51:45,https://i.redd.it/q1kryyb5hwvf1.jpeg
Looking for like minded people!,Sam_Monsterclaw,37,47,bangladesh,2025-10-18 21:24:14,https://www.reddit.com/r/bangladesh/comments/1o9yoha/looking_for_like_minded_people/
"Anyone worked at Truck Lagbe (Dhaka Head Office, Mohakhali)? Need honest feedback before my interview",Equal_Perspective230,3,2,bangladesh,2025-10-18 20:43:55,https://www.reddit.com/r/bangladesh/comments/1o9xo5r/anyone_worked_at_truck_lagbe_dhaka_head_office/
More flights diverted to Ctg as Dhaka airport shuts down after cargo zone fire,maifee,5,1,bangladesh,2025-10-18 17:47:22,https://www.tbsnews.net/bangladesh/four-flights-diverted-ctg-after-fire-dhaka-airport-cargo-zone-1263531?amp
Fire at Dhaka airport's cargo section; Connecting the dots; Why does this whole thing feel so orchestrated?,Status_Revolution_25,7,3,bangladesh,2025-10-18 17:24:53,https://www.thedailystar.net/news/bangladesh/accidents-fires/news/fire-breaks-out-near-cargo-complex-dhaka-airport-4013021
Seeking doctor recommendation for PCOS,nasia_musarat,5,1,bangladesh,2025-10-18 16:04:37,https://www.reddit.com/r/bangladesh/comments/1o9rwcs/seeking_doctor_recommendation_for_pcos/
Is the internet in Dhaka fast and stable for video calls?,78523985210,4,5,bangladesh,2025-10-18 13:46:52,https://www.reddit.com/r/bangladesh/comments/1o9pr6h/is_the_internet_in_dhaka_fast_and_stable_for/
Struggles as an English medium student,Recent_Carry810,3,0,bangladesh,2025-10-18 10:22:53,https://www.reddit.com/r/bangladesh/comments/1o9md9e/struggles_as_an_english_medium_student/
Made a simple news aggregator for staying updated about Bangladesh üáßüá©,namkhalinai,9,6,bangladesh,2025-10-18 07:15:30,https://bangladesh-news.pages.dev/
Jobless for 10 months now.. Anyone else going through a similar struggle?,Condizero,15,8,bangladesh,2025-10-18 00:59:14,https://www.reddit.com/r/bangladesh/comments/1o99yz9/jobless_for_10_months_now_anyone_else_going/
HSC 2025 Dhaka Board Ranking,Consistent-Rule-3720,2,0,bangladesh,2025-10-17 17:33:00,https://www.reddit.com/r/bangladesh/comments/1o8ytxu/hsc_2025_dhaka_board_ranking/
"Between typical private universities in dhaka and public universities in chittagong, which are the best?",tdoteditz_exe,3,3,bangladesh,2025-10-17 17:08:35,https://www.reddit.com/r/bangladesh/comments/1o8ydnb/between_typical_private_universities_in_dhaka_and/
"Got GPA 4.92 (Physics 180, Chemistry 185, Math 151, English A-) ‚Äî Should I continue Engineering or move to University A Unit?",Fantastic-Permit-383,3,4,bangladesh,2025-10-17 16:18:08,https://www.reddit.com/r/bangladesh/comments/1o8xihy/got_gpa_492_physics_180_chemistry_185_math_151/
BCB DHAKA DIVISION CRICKET LEAGUE TOURNAMENTS,dhonbolsen,3,0,bangladesh,2025-10-16 23:35:23,https://www.reddit.com/r/bangladesh/comments/1o8coph/bcb_dhaka_division_cricket_league_tournaments/
Reality of the Hsc Result,anonimosus12,11,10,bangladesh,2025-10-16 21:39:19,https://www.reddit.com/r/bangladesh/comments/1o89ilv/reality_of_the_hsc_result/
Trusted Smartphone Shop in Dhaka?,Left_Application293,3,2,bangladesh,2025-10-16 21:08:49,https://www.reddit.com/r/bangladesh/comments/1o88pef/trusted_smartphone_shop_in_dhaka/
Anyone ever received mail/letters from overseas thru post office?,lonelykidfrom2006,2,1,bangladesh,2025-10-16 21:01:32,https://www.reddit.com/r/bangladesh/comments/1o88ih6/anyone_ever_received_mailletters_from_overseas/
From Nimtoli 2010 to Mirpur 2025 ‚Äì how many more fires will it take for Dhaka to wake up?,Redwanul-Haque2467,10,1,bangladesh,2025-10-16 09:32:48,https://www.reddit.com/r/bangladesh/comments/1o7vuj7/from_nimtoli_2010_to_mirpur_2025_how_many_more/
Whats the deal with Stalls in Rabindra Sharabar in Dhanmondi,Ajwad6969,5,0,bangladesh,2025-10-15 23:49:39,https://www.reddit.com/r/bangladesh/comments/1o7hz1r/whats_the_deal_with_stalls_in_rabindra_sharabar/
Best place for hair transplant?,Odd-Machine189,3,1,bangladesh,2025-10-15 19:19:33,https://www.reddit.com/r/bangladesh/comments/1o7assq/best_place_for_hair_transplant/
who is up for hangouts in dhaka,No_idea_duh,5,24,bangladesh,2025-10-15 16:11:12,https://www.reddit.com/r/bangladesh/comments/1o7719m/who_is_up_for_hangouts_in_dhaka/
Relationship advice,Famous_Divide6434,10,29,bangladesh,2025-10-15 11:29:13,https://www.reddit.com/r/bangladesh/comments/1o72m5n/relationship_advice/
Please suggest a good private hospital in Dhaka for treating Heart related illness,da-chooozen-one,4,2,bangladesh,2025-10-14 14:31:56,https://www.reddit.com/r/bangladesh/comments/1o69xr3/please_suggest_a_good_private_hospital_in_dhaka/
I wanna study bachelor in abroad help me üôèüèª,ilovemybmwx5,1,7,bangladesh,2025-10-13 23:35:33,https://www.reddit.com/r/bangladesh/comments/1o5qey6/i_wanna_study_bachelor_in_abroad_help_me/
Wtf is happening in Bangladesh?,General-Dog4722,62,55,bangladesh,2025-10-11 19:45:52,https://www.reddit.com/r/bangladesh/comments/1o3w1pj/wtf_is_happening_in_bangladesh/
"Energy adviser blames section of politicians, businessmen for crisis in gas sector",Shot-Addendum-809,4,2,bangladesh,2025-10-11 16:30:35,https://www.thedailystar.net/news/bangladesh/news/energy-adviser-blames-section-politicians-businessmen-crisis-gas-sector-4007121
"Need a Part-Time Personal Assistant (Dhaka-Based, Remote)",ovosmans89,10,17,bangladesh,2025-10-11 11:54:05,https://www.reddit.com/r/bangladesh/comments/1o3ntho/need_a_parttime_personal_assistant_dhakabased/
[AskMeAnything] Hello CS undergrads and recent grads!,Consistent_Deer5403,8,27,bangladesh,2025-10-10 18:41:20,https://www.reddit.com/r/bangladesh/comments/1o2zt2c/askmeanything_hello_cs_undergrads_and_recent_grads/
‡¶≠‡ßÇ‡¶Æ‡¶ß‡ßç‡¶Ø‡¶∏‡¶æ‡¶ó‡¶∞‡ßá‡¶∞ ‡¶®‡¶ø‡¶ö‡ßá ‡¶ò‡ßÅ‡¶Æ‡¶ø‡¶Ø‡¶º‡ßá ‡¶Ü‡¶õ‡ßá ‡¶¨‡¶æ‡¶Ç‡¶≤‡¶æ‡¶¶‡ßá‡¶∂ - The Route of No Return | Voice of Dhaka,Asleep-Jellyfish007,1,0,bangladesh,2025-10-10 18:24:20,https://youtu.be/8bAEafC0TLg?si=rer4-Fy4Ru43IP6O
Places to go for a nightout drive in dhaka,Showmik27,8,5,bangladesh,2025-10-10 05:15:19,https://www.reddit.com/r/bangladesh/comments/1o2kznd/places_to_go_for_a_nightout_drive_in_dhaka/
Shia in puran dhaka,Better_tqas,1,0,bangladesh,2025-10-10 04:56:21,https://www.reddit.com/r/bangladesh/comments/1o2kkc0/shia_in_puran_dhaka/
"Help Me Pick a 43"" TV Under 50K Taka (Dhaka Buyers ‚Äî Need Your Real Advice!)",drkaly,3,6,bangladesh,2025-10-09 22:57:19,https://www.reddit.com/r/bangladesh/comments/1o2bdbz/help_me_pick_a_43_tv_under_50k_taka_dhaka_buyers/
Bangladeshi cuisine,No-Plate-113,11,10,bangladesh,2025-10-09 14:52:16,https://www.reddit.com/r/bangladesh/comments/1o20u7m/bangladeshi_cuisine/
Seeking tour guidance,Certain-Chemical470,6,3,bangladesh,2025-10-08 05:22:02,https://www.reddit.com/r/bangladesh/comments/1o0un7z/seeking_tour_guidance/
‚ÄúHave 5 mins? Help a fellow student finish his thesis on AI in education üòÖ‚Äù,Cautious-Ad8495,4,0,bangladesh,2025-10-08 04:56:19,https://www.reddit.com/r/bangladesh/comments/1o0u1ki/have_5_mins_help_a_fellow_student_finish_his/
Safe areas to rent for a few days in Dhaka,HappyBlackbirdLOL,2,1,bangladesh,2025-10-07 21:26:58,https://www.reddit.com/r/bangladesh/comments/1o0hx48/safe_areas_to_rent_for_a_few_days_in_dhaka/
Horrible experience at Dhaka to Dubai flight with emirates,Former-Type1623,63,35,bangladesh,2025-10-07 17:09:50,https://www.reddit.com/r/bangladesh/comments/1o0bqov/horrible_experience_at_dhaka_to_dubai_flight_with/
How does the stock market work in Bangladesh? (Beginner here),EngineWinter9286,4,0,bangladesh,2025-10-07 02:28:20,https://www.reddit.com/r/bangladesh/comments/1nzue31/how_does_the_stock_market_work_in_bangladesh/
Booze: DHK or COX,YourFavNemesis,2,1,bangladesh,2025-10-06 16:55:22,https://www.reddit.com/r/bangladesh/comments/1nzft5k/booze_dhk_or_cox/
"I'm looking for the absolute best ISP for online gaming in Shewrapara, Mirpur Dhaka. Don't suggest Dot , absolute Garbage.",GunsAndRozer,2,0,bangladesh,2025-10-06 13:29:39,https://www.reddit.com/r/bangladesh/comments/1nzclxm/im_looking_for_the_absolute_best_isp_for_online/
Lovely people with tats! Show off!,Sea_Conversation123,4,27,bangladesh,2025-10-06 08:55:08,https://www.reddit.com/r/bangladesh/comments/1nz7tqd/lovely_people_with_tats_show_off/
I (26M) was invited to Bangladesh by someone I met while traveling,Fantastic_Dust_5926,44,21,bangladesh,2025-10-06 07:18:15,https://www.reddit.com/r/bangladesh/comments/1nz5tp4/i_26m_was_invited_to_bangladesh_by_someone_i_met/
I think I finally understand why Indians get so much hate and why many Bangladeshis dislike them,forgotten-daoist,313,139,bangladesh,2025-10-05 23:09:24,https://www.reddit.com/r/bangladesh/comments/1nytum0/i_think_i_finally_understand_why_indians_get_so/
Looking for a Bengali &amp; Turkish-speaking local guide in Dhaka üáßüá©üáπüá∑,Erenymk1017,4,2,bangladesh,2025-10-05 21:56:34,https://www.reddit.com/r/bangladesh/comments/1nyrxsi/looking_for_a_bengali_turkishspeaking_local_guide/
Looking for info about British Council Bangladesh IELTS courses and teacher training,imtiaz_12,2,3,bangladesh,2025-10-05 19:41:32,https://www.reddit.com/r/bangladesh/comments/1nyoj4b/looking_for_info_about_british_council_bangladesh/
Can I take my vape,NefariousnessThat317,0,13,bangladesh,2025-10-04 13:23:06,https://www.reddit.com/r/bangladesh/comments/1nxni87/can_i_take_my_vape/
Safe places for Bangladeshi girl expats to live in Dhaka for a month?,motiontosleep,6,14,bangladesh,2025-10-03 18:08:57,https://www.reddit.com/r/bangladesh/comments/1nwxc3i/safe_places_for_bangladeshi_girl_expats_to_live/
Is it high time we should detach ourselves from this cursed country?,Due_Butterfly_2114,24,12,bangladesh,2025-10-03 13:29:44,https://www.reddit.com/r/bangladesh/comments/1nwsky2/is_it_high_time_we_should_detach_ourselves_from/
Any Duolingo users here in Dhaka?,Far-Following3742,7,11,bangladesh,2025-10-02 01:17:53,https://www.reddit.com/r/bangladesh/comments/1nvhnut/any_duolingo_users_here_in_dhaka/
Can you suggest me the best ISP (Internet Service Provider) in Dhaka,Mindless_Rest_9284,2,2,bangladesh,2025-10-01 16:10:59,/r/Dhaka/comments/1nv450h/can_you_suggest_me_the_best_isp_internet_service/
HOW TO GET INDIAN MEDICAL VISA AT PRESENT,joysutradhar_,5,9,bangladesh,2025-10-01 11:14:41,https://www.reddit.com/r/bangladesh/comments/1nuznqu/how_to_get_indian_medical_visa_at_present/
Help Needed: Retailer Not Returning IPS Battery Under Warranty,d33pblu7,2,1,bangladesh,2025-09-30 22:51:09,https://www.reddit.com/r/bangladesh/comments/1nuignz/help_needed_retailer_not_returning_ips_battery/
What are some of the best places for Street Photography in Dhaka? (Excluding Sadarghat),new-grizzly,3,2,bangladesh,2025-09-29 18:43:07,https://www.reddit.com/r/bangladesh/comments/1ntgzr2/what_are_some_of_the_best_places_for_street/
HOW TO GET INDIAN MEDICAL VISA AT PRESENT [ Im frustratedüò´ ],joysutradhar_,6,3,bangladesh,2025-09-28 11:52:33,https://www.reddit.com/r/bangladesh/comments/1nsgmxw/how_to_get_indian_medical_visa_at_present_im/
Suggest a authentic Notary agency,dark_98_rider,5,0,bangladesh,2025-09-28 11:10:48,https://www.reddit.com/r/bangladesh/comments/1nsfydt/suggest_a_authentic_notary_agency/
"No friends, loosing sanity",iam_tourist,8,5,bangladesh,2025-09-27 22:38:54,https://www.reddit.com/r/bangladesh/comments/1nrzsqv/no_friends_loosing_sanity/
Good knee specialist in Dhaka?,DeltaOmega88,4,5,bangladesh,2025-09-27 11:05:38,https://www.reddit.com/r/bangladesh/comments/1nrmpkq/good_knee_specialist_in_dhaka/
"Indian Visiting Dhaka, suggestions?",integer_tostring,2,12,bangladesh,2025-09-27 05:50:22,https://www.reddit.com/r/bangladesh/comments/1nrgp7p/indian_visiting_dhaka_suggestions/
Bachelors And Dhaka!,SuspectSuspecious_,3,2,bangladesh,2025-09-27 05:48:42,https://www.reddit.com/r/bangladesh/comments/1nrgnyy/bachelors_and_dhaka/
BSF Push In: How an Assamese woman ended up in a slum in Dhaka,yasserius,7,2,bangladesh,2025-09-26 13:02:58,https://www.youtube.com/watch?v=ZgEDl_lpr5I
One of my relative's liver is failing and doctor has suggested liver transplantation. Any suggestions???,MushfiqurRF,5,3,bangladesh,2025-09-26 02:11:35,https://www.reddit.com/r/bangladesh/comments/1nqh8p7/one_of_my_relatives_liver_is_failing_and_doctor/
Travel during elections,EstablishmentBrief90,5,3,bangladesh,2025-09-24 22:29:20,https://www.reddit.com/r/bangladesh/comments/1npgu2y/travel_during_elections/
How to stay safe in Dhaka while doing UG,Worth-Gene,23,17,bangladesh,2025-09-24 16:31:11,https://www.reddit.com/r/bangladesh/comments/1np8lmq/how_to_stay_safe_in_dhaka_while_doing_ug/
Where to buy ladies western clothing in Dhaka? Wide pants and shirts.,ElNinoMaravilla,7,14,bangladesh,2025-09-23 20:22:47,https://www.reddit.com/r/bangladesh/comments/1noir8i/where_to_buy_ladies_western_clothing_in_dhaka/
Seeking advice to get rid of excessive sweating,ais_21,8,14,bangladesh,2025-09-23 11:53:52,https://www.reddit.com/r/bangladesh/comments/1no9i0q/seeking_advice_to_get_rid_of_excessive_sweating/
Need suggestions for trusted shipping agents from China to Bangladesh,Drawing-Live,8,10,bangladesh,2025-09-22 16:40:41,https://www.reddit.com/r/bangladesh/comments/1nnj0yc/need_suggestions_for_trusted_shipping_agents_from/
Scene of Dhaka in 1958.,TasinMAHDI,9,4,bangladesh,2025-09-22 14:36:33,https://www.reddit.com/r/bangladesh/comments/1nnh1cp/scene_of_dhaka_in_1958/
Travel video ideas?,clarkeanator,2,3,bangladesh,2025-09-22 03:34:27,https://www.reddit.com/r/bangladesh/comments/1nn4dmj/travel_video_ideas/
Where to buy airguns in Dhaka?,Initial-Read4305,3,0,bangladesh,2025-09-21 23:58:39,/r/Dhaka/comments/1nmys6n/where_to_buy_airguns_in_dhaka/
"Dear Bangladeshi brothers, please take care not to harm us",SquarePromise2707,67,36,bangladesh,2025-09-21 16:28:52,https://www.reddit.com/r/bangladesh/comments/1nmoi8c/dear_bangladeshi_brothers_please_take_care_not_to/
"How is the situation in Dhaka right now for moderate, agnostic/atheist women? Coming from a Bangladeshi immigrant woman who left in 2012 and hasn‚Äôt been back for an extended period of time since",nymeria_the_direwolf,25,17,bangladesh,2025-09-21 08:01:11,https://www.reddit.com/r/bangladesh/comments/1nmfw45/how_is_the_situation_in_dhaka_right_now_for/
How do you manage your budget in Dhaka with Family and mid level pay?,UnlikelySecret2629,9,2,bangladesh,2025-09-20 15:01:45,https://www.reddit.com/r/bangladesh/comments/1nlta27/how_do_you_manage_your_budget_in_dhaka_with/
Is my college worth it?,cocodew77,2,3,bangladesh,2025-09-20 12:18:11,https://www.reddit.com/r/bangladesh/comments/1nlqo6w/is_my_college_worth_it/
IELTS exam center,Ok_Masterpiece_2336,2,2,bangladesh,2025-09-20 00:09:54,https://www.reddit.com/r/bangladesh/comments/1nlaymx/ielts_exam_center/
Where I can find hot wheels in dhaka?,carefree_victory,3,0,bangladesh,2025-09-19 00:18:16,https://www.reddit.com/r/bangladesh/comments/1nkfz0x/where_i_can_find_hot_wheels_in_dhaka/
Kitten Rescue Urgent!!!!,mahin1374,6,2,bangladesh,2025-09-18 12:12:03,https://www.reddit.com/gallery/1nk0lok
E bike questions,Own-Cranberry-324,3,4,bangladesh,2025-09-17 23:06:45,https://www.reddit.com/r/bangladesh/comments/1njiy1b/e_bike_questions/
Name Correction Affidavit Process for SSC and HSC Certificates - Need Some Guidance,Select-Day-873,4,0,bangladesh,2025-09-17 18:20:16,https://www.reddit.com/r/bangladesh/comments/1njbl2b/name_correction_affidavit_process_for_ssc_and_hsc/
Dhaka Birdwatching ‡¶¢‡¶æ‡¶ï‡¶æ‡¶Ø‡¶º ‡¶¨‡¶æ‡¶∞‡ßç‡¶°‡¶ì‡¶Ø‡¶º‡¶æ‡¶ö‡¶ø‡¶Ç,Macula-Densa,8,3,bangladesh,2025-09-17 06:28:36,https://www.reddit.com/r/bangladesh/comments/1niymh0/dhaka_birdwatching_‡¶¢‡¶ï‡¶Ø_‡¶¨‡¶∞‡¶°‡¶ì‡¶Ø‡¶ö/
On arrival visa @Dhaka Airport,bangalimahbub,2,4,bangladesh,2025-09-17 02:32:52,https://www.reddit.com/r/bangladesh/comments/1nisxm2/on_arrival_visa_dhaka_airport/
New at Narayanganj City &amp; Help me Survive,No_Firefighter_4964,2,10,bangladesh,2025-09-15 14:13:20,https://www.reddit.com/r/bangladesh/comments/1nhg1mv/new_at_narayanganj_city_help_me_survive/
Need help finding Platform/Elevator shoes,rejuk70kg,3,2,bangladesh,2025-09-14 11:05:09,https://www.reddit.com/r/bangladesh/comments/1ngihc3/need_help_finding_platformelevator_shoes/
About freetime,Sungodnika04,12,23,bangladesh,2025-09-14 00:24:20,https://www.reddit.com/r/bangladesh/comments/1ng4ulr/about_freetime/
Gift Suggestion,Midnight-Syntax_007,4,5,bangladesh,2025-09-13 21:02:44,https://www.reddit.com/r/bangladesh/comments/1nfzq23/gift_suggestion/
Gift Suggestion,Midnight-Syntax_007,0,1,bangladesh,2025-09-13 01:29:48,https://www.reddit.com/r/bangladesh/comments/1nfcftx/gift_suggestion/
Kinda proud of this pic I took a couple of days ago,ComfyNeo,81,7,bangladesh,2025-09-12 20:30:31,https://i.redd.it/zcl2ba65vqof1.jpeg
"Bangla gamers, any advice for a ps5 player?",ComfyNeo,3,5,bangladesh,2025-09-12 19:47:24,https://www.reddit.com/r/bangladesh/comments/1nf3prl/bangla_gamers_any_advice_for_a_ps5_player/
"Affordable, quiet and green: Electric shuttle buses set a model for Dhaka‚Äôs residential areas",Alone-Attention-2139,9,2,bangladesh,2025-09-12 19:17:18,https://www.tbsnews.net/features/panorama/affordable-quiet-and-green-electric-shuttle-buses-set-model-dhakas-residential
DUCSU 2025 - Analysis Of Shibir's Landslide Victory And Aftermath,fogrampercot,12,13,bangladesh,2025-09-12 03:40:24,https://www.reddit.com/r/bangladesh/comments/1nelg0n/ducsu_2025_analysis_of_shibirs_landslide_victory/
Best place to get highest quality BD cricket jerseys?,DeltaOmega88,4,4,bangladesh,2025-09-11 21:20:28,https://www.reddit.com/r/bangladesh/comments/1nebmks/best_place_to_get_highest_quality_bd_cricket/
Khuni ekhono tar laash ke bhalobashe,KopaShamsur,3,10,bangladesh,2025-09-11 20:25:07,https://i.redd.it/xavb5mm1pjof1.png
Dhaka Foreign customs held my product,Fun-Middle-1660,2,1,bangladesh,2025-09-11 08:35:48,https://www.reddit.com/r/bangladesh/comments/1ndxf9p/dhaka_foreign_customs_held_my_product/
If you seek fund for your school/college/university education you may knock me,RunAffectionate1997,9,3,bangladesh,2025-09-11 02:36:50,https://www.reddit.com/r/bangladesh/comments/1ndpkvx/if_you_seek_fund_for_your_schoolcollegeuniversity/
Can I study BSc in Computer Science in Australia with a 4-year Diploma in Engineering (Computer Science &amp; Technology)?,ArthurXP002,5,2,bangladesh,2025-09-11 02:13:35,https://www.reddit.com/r/bangladesh/comments/1ndp06h/can_i_study_bsc_in_computer_science_in_australia/
Why Shibir-backed candidates won the Ducsu polls,Alone-Attention-2139,8,1,bangladesh,2025-09-10 23:04:53,https://www.thedailystar.net/news/bangladesh/politics/student-union-election/news/why-shibir-backed-candidates-won-the-ducsu-polls-3982851
"""baap ka beta, sipahi ka ghora""",KopaShamsur,47,6,bangladesh,2025-09-10 19:42:06,https://i.redd.it/jlmr15shccof1.png
Dhaka Elevated Expressway Friday Afternoon Drive,Strict-Relief515,2,1,bangladesh,2025-09-10 18:49:09,https://youtu.be/kWHDa0CbisM?si=r8Qyj8wTYGnjUm9C
Best psychologist in Dhaka under budget,Puzzleheaded-Hat6548,2,0,bangladesh,2025-09-10 15:37:08,/r/Dhaka/comments/1nd9lbs/best_psychologist_in_dhaka_under_budget/
Seeking,Budget-Row9313,2,2,bangladesh,2025-09-10 14:32:14,https://www.reddit.com/r/bangladesh/comments/1nd8nz9/seeking/
suggest gray/moody aesthetic restaurant in dhaka,No_idea_duh,3,0,bangladesh,2025-09-09 19:03:54,https://www.reddit.com/r/bangladesh/comments/1ncicqn/suggest_graymoody_aesthetic_restaurant_in_dhaka/
Attempt BCS or Try to move abroad ?,weirdcomponent,10,12,bangladesh,2025-09-09 12:58:37,https://www.reddit.com/r/bangladesh/comments/1ncc0jy/attempt_bcs_or_try_to_move_abroad/
How do you consistently help yourself to be good all alone?,dhonbolsen,9,5,bangladesh,2025-09-08 20:49:06,https://www.reddit.com/r/bangladesh/comments/1nbprfi/how_do_you_consistently_help_yourself_to_be_good/
Dhaka na Kolkata,RazzmatazzStrict,2,0,bangladesh,2025-09-08 19:25:17,https://www.facebook.com/share/p/1Diw9p6XA6/
Why do our national subreddits have such low member counts?,the-machine-m4n,53,85,bangladesh,2025-09-08 19:21:39,https://www.reddit.com/r/bangladesh/comments/1nbnlbk/why_do_our_national_subreddits_have_such_low/
What if Sam Hargrave's Extraction had a Bangladeshi cast,Puzzled-Horse279,2,0,bangladesh,2025-09-08 18:40:12,https://www.reddit.com/gallery/1nbmn0p
Advice on purchasing domestic air ticket?,theuptownpunk,2,3,bangladesh,2025-09-08 14:42:17,https://www.reddit.com/r/bangladesh/comments/1nbiei2/advice_on_purchasing_domestic_air_ticket/
Backpacking Bangladesh,BriefVeterinarian106,6,6,bangladesh,2025-09-08 13:56:13,https://www.reddit.com/r/bangladesh/comments/1nbhpmm/backpacking_bangladesh/
‡¶°‡¶æ‡¶ï‡¶∏‡ßÅ ‡¶è‡¶¨‡¶Ç ‡¶Ö‡¶®‡ßç‡¶Ø‡¶æ‡¶®‡ßç‡¶Ø ‡¶®‡¶ø‡¶∞‡ßç‡¶¨‡¶æ‡¶ö‡¶®‡ßá ‡¶õ‡¶æ‡¶§‡ßç‡¶∞ ‡¶∂‡¶ø‡¶¨‡¶ø‡¶∞‡¶ï‡ßá ‡¶≠‡ßã‡¶ü ‡¶¶‡¶ø‡¶¨‡ßá‡¶® ‡¶Ø‡ßá ‡¶ï‡¶æ‡¶∞‡¶£‡ßá,fogrampercot,83,41,bangladesh,2025-09-07 20:15:02,https://www.reddit.com/r/bangladesh/comments/1nauanz/‡¶°‡¶ï‡¶∏_‡¶è‡¶¨_‡¶Ö‡¶®‡¶Ø‡¶®‡¶Ø_‡¶®‡¶∞‡¶¨‡¶ö‡¶®_‡¶õ‡¶§‡¶∞_‡¶∂‡¶¨‡¶∞‡¶ï_‡¶≠‡¶ü_‡¶¶‡¶¨‡¶®_‡¶Ø_‡¶ï‡¶∞‡¶£/
"Bangladesh, India to hold talks in Delhi on Ganges water-sharing treaty on Tuesday",Alone-Attention-2139,5,0,bangladesh,2025-09-07 19:30:07,https://www.tbsnews.net/bangladesh/bangladesh-india-hold-talks-delhi-ganges-water-sharing-treaty-1230596
Therapists in Dhaka that offer services in English,bagpurchaser,3,1,bangladesh,2025-09-07 16:06:10,https://www.reddit.com/r/bangladesh/comments/1napfnc/therapists_in_dhaka_that_offer_services_in_english/
Need advice: finding it hard to deal with my mindset about women,OrneryExpression6918,11,65,bangladesh,2025-09-07 11:48:28,https://www.reddit.com/r/bangladesh/comments/1nalc8n/need_advice_finding_it_hard_to_deal_with_my/
Dhaka Awaits Opening Of Century-Old Diamond Vault | Asia One News,maifee,2,0,bangladesh,2025-09-06 11:51:52,https://youtu.be/pfcsNL7AKa4?si=BfXo_wQMhRLZdMeV
seeking advice about taking a decision in life,ArachnidMotor1538,4,5,bangladesh,2025-09-06 02:38:21,https://www.reddit.com/r/bangladesh/comments/1n9gcii/seeking_advice_about_taking_a_decision_in_life/
Decent Bars in Dhaka,mid20sman,13,7,bangladesh,2025-09-05 14:24:33,https://www.reddit.com/r/bangladesh/comments/1n8zlmr/decent_bars_in_dhaka/
Why is Dhaka so trafficy?,Viv3lafranc3,2,1,bangladesh,2025-09-05 09:06:21,https://www.reddit.com/r/bangladesh/comments/1n8u8a4/why_is_dhaka_so_trafficy/
Need advice on English spoken proficiency,Saitama2042,3,3,bangladesh,2025-09-05 00:15:35,https://www.reddit.com/r/bangladesh/comments/1n8hrua/need_advice_on_english_spoken_proficiency/
Advice please,aabrarwho,3,0,bangladesh,2025-09-04 13:13:04,https://www.reddit.com/r/bangladesh/comments/1n83f0w/advice_please/
Which steak house is the best in Dhaka...,Cryptographer47051,5,2,bangladesh,2025-09-03 20:00:53,https://www.reddit.com/r/bangladesh/comments/1n7fmjx/which_steak_house_is_the_best_in_dhaka/
What if Dhaka was abandoned and nature took it back? üåø A mysterious AI short film I made,Competitive-Essay798,0,16,bangladesh,2025-09-03 18:18:57,https://youtu.be/N2-b-XXWxfA?si=0Nbyz6Ez2WWLG66g
Need to rush the process of name changing in SSC &amp; HSC certificates !!!,Key_Astronaut_7893,2,1,bangladesh,2025-09-03 00:44:10,https://www.reddit.com/r/bangladesh/comments/1n6ruzr/need_to_rush_the_process_of_name_changing_in_ssc/
How to check if my unofficial phone is new or not?,PilotHere,3,2,bangladesh,2025-09-02 17:19:37,https://www.reddit.com/r/bangladesh/comments/1n6grjt/how_to_check_if_my_unofficial_phone_is_new_or_not/
Are there any restaurants in Puran Dhaka that serve good bengali pork dishes?,DoodhBhaat,2,9,bangladesh,2025-09-01 20:54:59,https://www.reddit.com/r/bangladesh/comments/1n5qvgq/are_there_any_restaurants_in_puran_dhaka_that/
Best perfumes to wear in Dhaka,Rapid47,2,1,bangladesh,2025-08-31 16:13:30,/r/Dhaka/comments/1n4q320/best_perfumes_to_wear_in_dhaka/
Upgrading my iPhone 12 Pro ‚Äì advice on shops &amp; price in Dhaka,Intelligent-Delay-95,2,0,bangladesh,2025-08-31 11:37:33,https://www.reddit.com/r/bangladesh/comments/1n4mq68/upgrading_my_iphone_12_pro_advice_on_shops_price/
"Unseen photographs of people struggling for liberation in 1971, which resulted in the creation of a sovereign Bangladesh.",TasinMAHDI,24,5,bangladesh,2025-08-29 16:56:51,https://www.reddit.com/r/bangladesh/comments/1n348p4/unseen_photographs_of_people_struggling_for/
Safe to visit Bangladesh as a Pakistani?,Fondant_Decent,32,40,bangladesh,2025-08-29 16:02:21,https://www.reddit.com/r/bangladesh/comments/1n33alt/safe_to_visit_bangladesh_as_a_pakistani/
Is it possible to go to Dhaka by boat from Chittagong?,siam19,2,2,bangladesh,2025-08-29 09:14:33,https://www.reddit.com/r/bangladesh/comments/1n2wive/is_it_possible_to_go_to_dhaka_by_boat_from/
"Looking for sources of high quality chains, hoops &amp; metals for jewellery making",nanjeba_borno,2,0,bangladesh,2025-08-28 13:51:24,https://www.reddit.com/r/bangladesh/comments/1n264es/looking_for_sources_of_high_quality_chains_hoops/
Want to enjoy Dhaka,Mysterious_Natural55,4,4,bangladesh,2025-08-28 06:03:38,https://www.reddit.com/r/bangladesh/comments/1n1xfau/want_to_enjoy_dhaka/
"I'm not sure if it is only me, but the sky-summit level of MRT line 6 sort of made Dhaka look more modern.",Comfortable-Table-57,1,0,bangladesh,2025-08-28 03:33:46,https://www.reddit.com/r/bangladesh/comments/1n1tv72/im_not_sure_if_it_is_only_me_but_the_skysummit/
"Today's editorials in Pakistan's Dawn (""Ties That Bind"") and Tribune (""Reset with Dhaka"") on the FM‚Äôs BD visit expose their mindset. Both dismiss 1971 as a mere ""tragedy,"" avoiding true apology for genocide. Not shockingly, their tone mirrors their own collaborators‚Äô stance!",TasinMAHDI,106,32,bangladesh,2025-08-27 09:07:55,https://www.reddit.com/gallery/1n1629s
"Where to shop in Dhaka for skirts, tops &amp; three-pieces?",Winter-Fig-4104,2,1,bangladesh,2025-08-27 00:44:50,https://www.reddit.com/gallery/1n0u7fr
"Dhaka &amp; Chittagong Airports are major hub for drugs,Gold trafficking in south east Asia! We are seeing tip of the iceberg in regards of seizing Drugs &amp; Gold!",Asleep-Jellyfish007,6,2,bangladesh,2025-08-26 21:14:34,https://i.redd.it/7vxycqg4rdlf1.jpeg
"Dhaka, Bangladesh",VapeyMoron,53,9,bangladesh,2025-08-25 23:30:45,https://i.redd.it/hdovi0i3x5lf1.jpeg
