title,author,upvotes,comments,date,subreddit,polarity,subjectivity,sentiment,emotion,topics
Bangladesh wins,HinduShibir,218,12,2025-11-18 22:49:47,bangladesh,0.2833333333333334,0.2714285714285714,positive,neutral,"Housing/Real Estate, Sports/Recreation"
"Looking to Donate Books in Dhaka , Any Suggestions?",panic_structure,5,1,2025-11-18 22:24:55,bangladesh,0.125,0.05,positive,neutral,"Housing/Real Estate, Technology/Gadgets, Education/Career"
Bd domestic flights,zsk471,3,1,2025-11-18 17:06:01,bangladesh,-0.040625,0.321875,neutral,neutral,"Housing/Real Estate, Technology/Gadgets, Shopping/Commerce, Travel/Transportation"
Wake up Bangladeshis,Hot-Point-4090,2,1,2025-11-18 13:39:20,bangladesh,0.1288646098169907,0.4024588286493049,positive,joy,"Housing/Real Estate, Technology/Gadgets, Education/Career, Food/Dining, Shopping/Commerce, Travel/Transportation, Sports/Recreation, Politics/Government"
Passport Correction and Renewal in BD,Sensitive_Win_9094,5,3,2025-11-18 13:01:38,bangladesh,0.125,0.4166666666666667,positive,neutral,"Housing/Real Estate, Technology/Gadgets, Politics/Government"
"Protibastob from Dhaka Comics - An anthology of comics from various underrated artists, I love these artists so much, they're deserve so much more recognition, and I love the way Bangla comics is going, maybe one day it will become a world famous genre like manga",yasserius,6,0,2025-11-18 12:54:50,bangladesh,0.0,0.0,neutral,neutral,"Housing/Real Estate, Relationships/Social"
Your Top 5 Trusted Phone Shops in Dhaka,Electrical_Example28,8,4,2025-11-18 07:05:16,bangladesh,0.14375,0.33125,positive,trust,"Housing/Real Estate, Technology/Gadgets, Shopping/Commerce"
VoA for Dhaka Inbound from Different Country,Infinitoid,2,1,2025-11-18 02:23:06,bangladesh,0.0,0.0,neutral,neutral,Housing/Real Estate
Best place to live in Bangladesh?,Scared_of_Jobs,3,7,2025-11-17 15:30:51,bangladesh,0.1851756198347107,0.4799242424242425,positive,joy,"Housing/Real Estate, Technology/Gadgets, Education/Career, Food/Dining, Health/Medical, Travel/Transportation, Infrastructure/Urban"
Gulshan Is Not Dhaka,Atel_mamu,5,0,2025-11-16 08:27:55,bangladesh,0.0,0.0,neutral,neutral,Housing/Real Estate
Trying to collect foreign currency notes ‚Äî where can I actually get my first ones in Dhaka?,Inevitable-Koala6828,5,1,2025-11-15 22:52:37,bangladesh,0.065702947845805,0.2827097505668933,neutral,trust,"Housing/Real Estate, Technology/Gadgets, Education/Career, Shopping/Commerce, Travel/Transportation"
Which restaurant would it be in Dhaka?,Saif10ali,112,36,2025-11-15 20:39:13,bangladesh,0.0,0.0,neutral,neutral,"Housing/Real Estate, Food/Dining"
Places to get the best Mishti around Dhaka?,clarkeanator,7,8,2025-11-15 12:53:03,bangladesh,0.2604166666666667,0.3666666666666667,positive,neutral,"Housing/Real Estate, Technology/Gadgets, Travel/Transportation, Infrastructure/Urban"
Buying a 2nd hand flat in banani Dhaka.,Miserable-Bed3514,2,1,2025-11-14 03:11:50,bangladesh,-0.01,0.45,neutral,neutral,"Housing/Real Estate, Shopping/Commerce, Politics/Government"
"Dhaka today.... No, more like everyday.",biscute2077,8,0,2025-11-13 21:24:47,bangladesh,0.075,0.6000000000000001,neutral,joy,"Housing/Real Estate, Relationships/Social"
Property inheritance to our child who is not a Bangladeshi citizen.,Hawk_KL01,18,15,2025-11-12 17:12:51,bangladesh,0.0071428571428571,0.3262987012987013,neutral,joy,"Housing/Real Estate, Technology/Gadgets, Travel/Transportation, Relationships/Social, Politics/Government"
A Bangladeshi couple who died in the 9/11 attacks.,Maverick_00x,557,54,2025-11-11 15:31:13,bangladesh,0.3,0.45,positive,neutral,"Housing/Real Estate, Technology/Gadgets, Education/Career, Relationships/Social"
What if Bangladesh actually had high-speed trains(250-350km/hour)?,SheehabMuhammad,16,35,2025-11-11 01:06:11,bangladesh,0.1412492269635126,0.295578231292517,positive,neutral,"Housing/Real Estate, Technology/Gadgets, Education/Career, Travel/Transportation, Infrastructure/Urban"
Buffet suggestions in Dhaka,Few-Pumpkin3842,5,0,2025-11-10 21:26:24,bangladesh,0.0,0.0,neutral,neutral,"Housing/Real Estate, Education/Career, Food/Dining, Relationships/Social"
Trusted Gaming Laptop store in Dhaka,Expert-Access7844,3,5,2025-11-10 18:43:46,bangladesh,0.4666666666666666,0.4000000000000001,positive,joy,"Housing/Real Estate, Technology/Gadgets, Shopping/Commerce"
Crude bombs exploded at four separate locations in Dhaka this morning (10 November),Plastic_Repeat_995,13,8,2025-11-10 16:06:55,bangladesh,-0.0649999999999999,0.63,neutral,neutral,"Housing/Real Estate, Technology/Gadgets, Health/Medical, Travel/Transportation, Politics/Government, Infrastructure/Urban"
‚ÄºÔ∏èCrude bombs exploded at 4 locations in Dhaka,AtikulIslam4142,80,25,2025-11-10 15:37:37,bangladesh,-0.0642857142857142,0.5642857142857143,neutral,neutral,"Housing/Real Estate, Technology/Gadgets, Health/Medical, Travel/Transportation, Sports/Recreation, Politics/Government, Infrastructure/Urban"
Any querier service to send iPad outside Dhaka.,muaz_moss,7,3,2025-11-10 07:03:44,bangladesh,-0.1666666666666666,0.5833333333333334,negative,neutral,"Housing/Real Estate, Technology/Gadgets, Infrastructure/Urban"
Sending a 20 kg parcel from Dhaka to Budapest ‚Äî any affordable and reliable courier options?,PrimaryInspection969,6,1,2025-11-09 23:27:17,bangladesh,0.0964285714285714,0.3142857142857143,neutral,neutral,"Housing/Real Estate, Technology/Gadgets"
Animal rescue/shelter in Dhaka?,Tall_Monster,7,2,2025-11-09 21:13:06,bangladesh,-0.09375,0.2884615384615384,neutral,neutral,Housing/Real Estate
"Will contest election from Dhaka, resignation depends on govt's decision: Asif Mahmud",PrintRealistic6750,22,12,2025-11-09 19:32:34,bangladesh,0.0,0.0,neutral,neutral,"Housing/Real Estate, Politics/Government"
"Students of Ideal, Dhaka colleges reach peace agreement; City College missing from truce effort",Necessary-Hunt6104,82,24,2025-11-09 15:53:45,bangladesh,0.0,0.0,neutral,neutral,"Housing/Real Estate, Education/Career, Infrastructure/Urban"
Need suggestions for Resort near Dhaka (for Honeymoon),Maybe_some,5,5,2025-11-09 10:55:24,bangladesh,0.1722222222222222,0.4351851851851852,positive,neutral,"Housing/Real Estate, Relationships/Social"
Pari Bibi's mausoleum at Lalbagh fort. Dhaka (1967) #viral #OldDhaka #Ol...,Sea-Test1273,3,1,2025-11-09 08:42:45,bangladesh,0.0,0.0,neutral,neutral,Housing/Real Estate
Best place for cataract surgery in Dhaka?,Available-Ad-1014,5,1,2025-11-07 21:14:11,bangladesh,0.7,0.6000000000000001,positive,joy,"Housing/Real Estate, Health/Medical"
Anyone studying criminology at university of dhaka?,faceittiger1142,3,0,2025-11-07 02:39:13,bangladesh,0.0,0.0,neutral,neutral,"Housing/Real Estate, Education/Career, Relationships/Social"
Massacre in Dhaka!,Gold1Smith,24,25,2025-11-06 17:12:20,bangladesh,0.0999999999999999,0.3833333333333333,neutral,neutral,"Housing/Real Estate, Food/Dining"
Looking for information about old/public libraries in Dhaka for a Wikimedia GLAM project,Yahya_b,3,0,2025-11-06 02:41:55,bangladesh,0.1767857142857143,0.344047619047619,positive,neutral,"Housing/Real Estate, Technology/Gadgets, Education/Career, Infrastructure/Urban"
Want a home rent in dhaka,Upset-Pay3295,2,2,2025-11-06 00:12:30,bangladesh,0.0,0.0,neutral,neutral,Housing/Real Estate
"wanna go to sylhet for tour with friends from dhaka, need suggestions and advices",Top-Pen-9698,3,3,2025-11-05 16:47:18,bangladesh,0.075,0.325,neutral,trust,"Housing/Real Estate, Technology/Gadgets, Travel/Transportation, Relationships/Social, Infrastructure/Urban"
Probe blames pilot error for Milestone crash; all Air Force training to shift outside Dhaka,PrintRealistic6750,55,25,2025-11-05 16:36:41,bangladesh,0.0,0.0,neutral,neutral,"Housing/Real Estate, Technology/Gadgets, Travel/Transportation"
Why doesn‚Äôt Bangladesh have a soft power strategy?,Lampedusan,24,29,2025-11-05 11:02:18,bangladesh,0.1979166666666666,0.3753472222222222,positive,joy,"Housing/Real Estate, Technology/Gadgets, Food/Dining, Shopping/Commerce, Relationships/Social, Sports/Recreation, Infrastructure/Urban"
Bangladesh travel for uk female and Nepali boy in January ?,Soft-Dance-8601,5,5,2025-11-05 03:55:50,bangladesh,0.23875,0.4220833333333334,positive,joy,"Housing/Real Estate, Technology/Gadgets, Education/Career, Travel/Transportation, Relationships/Social"
"‡¶´‡ßç‡¶Ø‡¶æ‡¶ï‡ßç‡¶ü‡¶∞‡¶ø ‡¶™‡ßÅ‡ßú‡ßá, ‡¶¨‡¶ø‡¶Æ‡¶æ‡¶®‡¶¨‡¶®‡ßç‡¶¶‡¶∞ ‡¶™‡ßÅ‡ßú‡ßá, ‡¶®‡¶ø‡¶∞‡ßç‡¶¨‡¶æ‡¶ö‡¶® ‡¶¶‡¶ø‡ßü‡ßá ‡¶¨‡¶æ‡¶Å‡¶ö‡¶æ‡¶®: ‡¶¨‡¶ø‡¶ü‡¶ø‡¶è‡¶Æ‡¶è ‡¶∏‡¶≠‡¶æ‡¶™‡¶§‡¶ø | BTMA | Dhaka | Somoy TV",maifee,7,1,2025-11-04 19:40:09,bangladesh,0.0,0.0,neutral,neutral,Housing/Real Estate
"BAF Shaheen College, Dhaka",Plastic_Repeat_995,18,2,2025-11-04 15:22:45,bangladesh,0.0,0.0,neutral,neutral,"Housing/Real Estate, Education/Career"
BNP candidates for JS polls: Who‚Äôs in the race for which seat in Dhaka?,PrintRealistic6750,5,2,2025-11-03 23:44:16,bangladesh,0.0,0.0,neutral,neutral,"Housing/Real Estate, Food/Dining, Politics/Government"
"Anybody got the ""Dhaka Racing 2003"" game?",VapeyMoron,7,3,2025-11-03 23:28:32,bangladesh,0.1049999999999999,0.7066666666666667,positive,neutral,"Housing/Real Estate, Technology/Gadgets, Sports/Recreation"
BNP's Shafiqul Islam likely to face Jamaat chief Shafiqur in Dhaka-15,PrintRealistic6750,21,7,2025-11-03 19:56:45,bangladesh,0.0,0.0,neutral,neutral,"Housing/Real Estate, Politics/Government"
Where can I find 99% Isopropyl alcohol in Dhaka?,Expert_Point_7816,6,4,2025-10-31 01:53:43,bangladesh,0.0,0.0,neutral,neutral,"Housing/Real Estate, Technology/Gadgets"
Dhaka University's admission notice mentions Hijras as disabled,AntiAgent006,23,16,2025-10-30 21:55:31,bangladesh,0.0,0.0,neutral,neutral,"Housing/Real Estate, Education/Career"
Best thrifting place in Dhaka??,DebtLess2374,5,1,2025-10-30 16:45:34,bangladesh,0.9,0.525,positive,joy,"Housing/Real Estate, Food/Dining"
visited Bangladesh,loserinlifee,18,3,2025-10-29 20:54:50,bangladesh,0.3916666666666666,0.8,positive,neutral,"Housing/Real Estate, Food/Dining, Travel/Transportation"
Challenges in Policing (part 1): Inside the broken funding of BD police,AtikulIslam4142,10,2,2025-10-28 20:06:52,bangladesh,0.0935119047619047,0.3813392857142857,neutral,neutral,"Housing/Real Estate, Technology/Gadgets, Food/Dining, Travel/Transportation, Politics/Government, Infrastructure/Urban"
Abduction or staged drama?,AtikulIslam4142,29,31,2025-10-28 01:05:53,bangladesh,0.0153571428571428,0.325297619047619,neutral,joy,"Housing/Real Estate, Technology/Gadgets, Food/Dining, Health/Medical, Shopping/Commerce, Travel/Transportation, Relationships/Social, Sports/Recreation, Politics/Government"
"Why is the Comilla, Noakhali and Chandpur regions so densely populated, outside of Dhaka region? I thought the whole Barisal and Khulna divisions were more dense",maproomzibz,20,9,2025-10-27 10:32:55,bangladesh,0.0,0.0,neutral,neutral,Housing/Real Estate
Halloween events in dhaka,No_idea_duh,2,0,2025-10-27 04:55:49,bangladesh,0.0,0.0,neutral,neutral,Housing/Real Estate
"Does anyone know where can I apply for learning boxing/ Muay thai near Mirpur,Dhaka?",Baked_Pan798,2,1,2025-10-27 02:26:57,bangladesh,0.225,0.6,positive,neutral,"Housing/Real Estate, Technology/Gadgets"
Need recommendation of some trustworthy construction/ development companies in Dhaka?,jobie1267,3,1,2025-10-26 18:05:15,bangladesh,0.3682954545454546,0.4725,positive,joy,"Housing/Real Estate, Technology/Gadgets, Food/Dining, Infrastructure/Urban"
Dhaka Metro costs 5 times India's: Jica review sought to cut millions,Necessary-Hunt6104,69,23,2025-10-26 11:35:12,bangladesh,0.0,0.0,neutral,neutral,"Housing/Real Estate, Infrastructure/Urban"
Indian Transit Visa for Bangladeshi,lonelykidfrom2006,6,1,2025-10-25 13:50:48,bangladesh,0.0175595238095238,0.2279761904761904,neutral,neutral,"Housing/Real Estate, Technology/Gadgets, Shopping/Commerce, Travel/Transportation"
"As a Hindu Bangladeshi, it's so hard to have conversations with people about Bangladesh",LeadingSea6037,107,28,2025-10-25 11:54:42,bangladesh,-0.0578326555599282,0.5194324194324195,neutral,anger,"Housing/Real Estate, Technology/Gadgets, Food/Dining, Travel/Transportation, Relationships/Social, Politics/Government, Infrastructure/Urban"
What are your honest thoughts on marriage in Bangladesh today?,BirdApprehensive9273,16,22,2025-10-25 05:15:55,bangladesh,0.1966666666666666,0.5783333333333334,positive,neutral,"Housing/Real Estate, Education/Career, Relationships/Social"
Anyone here who can help me visit a church in Dhaka?,Worldly_Yellow_6115,3,10,2025-10-25 00:27:48,bangladesh,0.4166666666666667,0.8296296296296296,positive,joy,"Housing/Real Estate, Travel/Transportation, Relationships/Social"
Need Suggestions for Men‚Äôs Salons in Dhaka,NoPerception9519,4,1,2025-10-24 16:07:01,bangladesh,0.85,0.45,positive,joy,"Housing/Real Estate, Technology/Gadgets"
Why is Bangladesh so shitty?,Vigilante-225,50,49,2025-10-23 09:24:56,bangladesh,0.061111111111111,0.4888888888888889,neutral,joy,"Housing/Real Estate, Technology/Gadgets"
Buying an apartment in dhaka,Superzues09,6,10,2025-10-22 13:02:05,bangladesh,0.2139204545454545,0.45,positive,neutral,"Housing/Real Estate, Food/Dining, Shopping/Commerce, Relationships/Social, Infrastructure/Urban"
Looking Suggestion for extra large size men clothes in Dhaka.,ais_21,6,12,2025-10-22 09:05:36,bangladesh,0.2119480519480519,0.5070061517429939,positive,joy,"Housing/Real Estate, Technology/Gadgets, Shopping/Commerce"
Why the r/Dhaka is almost twice as big as r/Bangladesh?,Plastic_Repeat_995,11,38,2025-10-22 08:30:32,bangladesh,-0.1,1.0,neutral,neutral,Housing/Real Estate
"Rajuk College, Dhaka admission exam 2025",Silly-Bed2231,5,3,2025-10-20 22:55:50,bangladesh,0.0166666666666666,0.3138888888888889,neutral,neutral,"Housing/Real Estate, Technology/Gadgets, Education/Career, Food/Dining, Travel/Transportation"
"ü™î Kali Puja Vibes ‚Äî Looking for a Travel Partner (Dhaka, Oct 20)",dhumketu69,0,8,2025-10-20 05:51:26,bangladesh,0.2818939393939394,0.4928787878787878,positive,joy,"Housing/Real Estate, Food/Dining, Travel/Transportation, Infrastructure/Urban"
Imagine if Dhaka still looked like this...,maproomzibz,117,32,2025-10-20 01:47:40,bangladesh,0.0,0.0,neutral,neutral,Housing/Real Estate
Jagannath University student found dead in Old Dhaka building,Necessary-Hunt6104,23,2,2025-10-19 20:27:04,bangladesh,0.0,0.0,neutral,neutral,"Housing/Real Estate, Education/Career"
Dhaka grants full tax break on Rooppur debt repayment to Russia‚Äôs Rosatom subsidiary,Necessary-Hunt6104,4,2,2025-10-19 15:51:10,bangladesh,0.0,0.0,neutral,neutral,Housing/Real Estate
Looking for open minded affordable psychiatrists who specialize in adhd and autism in Dhaka.,Andromeda-K-,6,3,2025-10-18 23:15:29,bangladesh,0.135,0.51,positive,neutral,"Housing/Real Estate, Relationships/Social"
"Dhaka airport fire: Businesses fear over $1 billion impact on imports, exports",Necessary-Hunt6104,33,3,2025-10-18 22:51:45,bangladesh,0.0,0.0,neutral,neutral,"Housing/Real Estate, Technology/Gadgets, Travel/Transportation"
"Anyone worked at Truck Lagbe (Dhaka Head Office, Mohakhali)? Need honest feedback before my interview",Equal_Perspective230,3,2,2025-10-18 20:43:55,bangladesh,0.159375,0.2875,positive,neutral,"Housing/Real Estate, Technology/Gadgets, Education/Career, Relationships/Social, Sports/Recreation"
More flights diverted to Ctg as Dhaka airport shuts down after cargo zone fire,maifee,5,1,2025-10-18 17:47:22,bangladesh,0.0,0.0,neutral,neutral,"Housing/Real Estate, Technology/Gadgets, Travel/Transportation"
Fire at Dhaka airport's cargo section; Connecting the dots; Why does this whole thing feel so orchestrated?,Status_Revolution_25,7,3,2025-10-18 17:24:53,bangladesh,0.0159090909090909,0.4522727272727272,neutral,joy,"Housing/Real Estate, Technology/Gadgets, Food/Dining, Shopping/Commerce, Travel/Transportation, Sports/Recreation"
Is the internet in Dhaka fast and stable for video calls?,78523985210,4,5,2025-10-18 13:46:52,bangladesh,-0.375,0.4,negative,neutral,"Housing/Real Estate, Technology/Gadgets, Travel/Transportation"
Made a simple news aggregator for staying updated about Bangladesh üáßüá©,namkhalinai,9,6,2025-10-18 07:15:30,bangladesh,0.2424873737373737,0.4549512987012987,positive,joy,"Housing/Real Estate, Technology/Gadgets, Education/Career, Travel/Transportation, Relationships/Social, Sports/Recreation, Infrastructure/Urban"
HSC 2025 Dhaka Board Ranking,Consistent-Rule-3720,2,0,2025-10-17 17:33:00,bangladesh,-0.1125,0.6017857142857143,negative,neutral,"Housing/Real Estate, Technology/Gadgets, Education/Career"
"Between typical private universities in dhaka and public universities in chittagong, which are the best?",tdoteditz_exe,3,3,2025-10-17 17:08:35,bangladesh,0.2599999999999999,0.5083333333333334,positive,joy,"Housing/Real Estate, Technology/Gadgets, Sports/Recreation, Infrastructure/Urban"
BCB DHAKA DIVISION CRICKET LEAGUE TOURNAMENTS,dhonbolsen,3,0,2025-10-16 23:35:23,bangladesh,0.0195767195767195,0.32010582010582,neutral,trust,"Housing/Real Estate, Technology/Gadgets, Travel/Transportation, Sports/Recreation"
Trusted Smartphone Shop in Dhaka?,Left_Application293,3,2,2025-10-16 21:08:49,bangladesh,0.075,0.15,neutral,trust,"Housing/Real Estate, Technology/Gadgets, Shopping/Commerce"
From Nimtoli 2010 to Mirpur 2025 ‚Äì how many more fires will it take for Dhaka to wake up?,Redwanul-Haque2467,10,1,2025-10-16 09:32:48,bangladesh,-0.0166666666666666,0.2797619047619047,neutral,neutral,"Housing/Real Estate, Technology/Gadgets, Infrastructure/Urban"
who is up for hangouts in dhaka,No_idea_duh,5,24,2025-10-15 16:11:12,bangladesh,0.0889610389610389,0.4941558441558441,neutral,neutral,"Housing/Real Estate, Travel/Transportation, Relationships/Social"
Please suggest a good private hospital in Dhaka for treating Heart related illness,da-chooozen-one,4,2,2025-10-14 14:31:56,bangladesh,0.4,0.415,positive,neutral,"Housing/Real Estate, Food/Dining, Health/Medical"
Wtf is happening in Bangladesh?,General-Dog4722,62,55,2025-10-11 19:45:52,bangladesh,0.2155411255411255,0.6752380952380952,positive,joy,"Housing/Real Estate, Technology/Gadgets, Education/Career, Food/Dining, Politics/Government"
"Need a Part-Time Personal Assistant (Dhaka-Based, Remote)",ovosmans89,10,17,2025-10-11 11:54:05,bangladesh,0.2225,0.4175,positive,joy,"Housing/Real Estate, Technology/Gadgets, Education/Career, Food/Dining, Travel/Transportation, Infrastructure/Urban"
‡¶≠‡ßÇ‡¶Æ‡¶ß‡ßç‡¶Ø‡¶∏‡¶æ‡¶ó‡¶∞‡ßá‡¶∞ ‡¶®‡¶ø‡¶ö‡ßá ‡¶ò‡ßÅ‡¶Æ‡¶ø‡¶Ø‡¶º‡ßá ‡¶Ü‡¶õ‡ßá ‡¶¨‡¶æ‡¶Ç‡¶≤‡¶æ‡¶¶‡ßá‡¶∂ - The Route of No Return | Voice of Dhaka,Asleep-Jellyfish007,1,0,2025-10-10 18:24:20,bangladesh,0.0,0.0,neutral,neutral,Housing/Real Estate
Places to go for a nightout drive in dhaka,Showmik27,8,5,2025-10-10 05:15:19,bangladesh,0.3666666666666667,0.625,positive,joy,"Housing/Real Estate, Food/Dining, Relationships/Social"
Shia in puran dhaka,Better_tqas,1,0,2025-10-10 04:56:21,bangladesh,-0.1083333333333333,0.3583333333333333,negative,neutral,Housing/Real Estate
"Help Me Pick a 43"" TV Under 50K Taka (Dhaka Buyers ‚Äî Need Your Real Advice!)",drkaly,3,6,2025-10-09 22:57:19,bangladesh,0.2034245516388373,0.4696351267779839,positive,joy,"Housing/Real Estate, Technology/Gadgets, Shopping/Commerce, Relationships/Social, Sports/Recreation"
Bangladeshi cuisine,No-Plate-113,11,10,2025-10-09 14:52:16,bangladesh,0.1979993386243386,0.5154927248677248,positive,joy,"Housing/Real Estate, Technology/Gadgets, Education/Career, Food/Dining, Health/Medical, Shopping/Commerce, Travel/Transportation, Relationships/Social, Infrastructure/Urban"
Safe areas to rent for a few days in Dhaka,HappyBlackbirdLOL,2,1,2025-10-07 21:26:58,bangladesh,0.15,0.275,positive,trust,"Housing/Real Estate, Technology/Gadgets, Infrastructure/Urban"
Horrible experience at Dhaka to Dubai flight with emirates,Former-Type1623,63,35,2025-10-07 17:09:50,bangladesh,-0.1402777777777777,0.5690972222222221,negative,anger,"Housing/Real Estate, Technology/Gadgets, Travel/Transportation"
How does the stock market work in Bangladesh? (Beginner here),EngineWinter9286,4,0,2025-10-07 02:28:20,bangladesh,0.292929292929293,0.3542087542087542,positive,neutral,"Housing/Real Estate, Technology/Gadgets, Education/Career, Shopping/Commerce"
"I'm looking for the absolute best ISP for online gaming in Shewrapara, Mirpur Dhaka. Don't suggest Dot , absolute Garbage.",GunsAndRozer,2,0,2025-10-06 13:29:39,bangladesh,0.14375,0.3999999999999999,positive,neutral,"Housing/Real Estate, Technology/Gadgets, Sports/Recreation"
I (26M) was invited to Bangladesh by someone I met while traveling,Fantastic_Dust_5926,44,21,2025-10-06 07:18:15,bangladesh,0.2234307359307359,0.3687770562770563,positive,joy,"Housing/Real Estate, Technology/Gadgets, Travel/Transportation, Relationships/Social, Sports/Recreation"
I think I finally understand why Indians get so much hate and why many Bangladeshis dislike them,forgotten-daoist,313,139,2025-10-05 23:09:24,bangladesh,-0.0272435897435897,0.452518315018315,neutral,anger,"Housing/Real Estate, Technology/Gadgets, Relationships/Social"
Looking for a Bengali &amp; Turkish-speaking local guide in Dhaka üáßüá©üáπüá∑,Erenymk1017,4,2,2025-10-05 21:56:34,bangladesh,0.1333333333333333,0.1666666666666666,positive,neutral,"Housing/Real Estate, Shopping/Commerce, Travel/Transportation, Infrastructure/Urban"
Looking for info about British Council Bangladesh IELTS courses and teacher training,imtiaz_12,2,3,2025-10-05 19:41:32,bangladesh,0.0745098039215686,0.3544117647058823,neutral,neutral,"Housing/Real Estate, Technology/Gadgets, Education/Career, Shopping/Commerce, Travel/Transportation"
Safe places for Bangladeshi girl expats to live in Dhaka for a month?,motiontosleep,6,14,2025-10-03 18:08:57,bangladesh,0.15,0.3,positive,trust,"Housing/Real Estate, Travel/Transportation"
Any Duolingo users here in Dhaka?,Far-Following3742,7,11,2025-10-02 01:17:53,bangladesh,0.125,0.325,positive,joy,"Housing/Real Estate, Relationships/Social"
Can you suggest me the best ISP (Internet Service Provider) in Dhaka,Mindless_Rest_9284,2,2,2025-10-01 16:10:59,bangladesh,0.0,0.0,neutral,neutral,"Housing/Real Estate, Technology/Gadgets"
What are some of the best places for Street Photography in Dhaka? (Excluding Sadarghat),new-grizzly,3,2,2025-09-29 18:43:07,bangladesh,0.225,0.5428571428571429,positive,trust,"Housing/Real Estate, Technology/Gadgets, Food/Dining, Relationships/Social"
Good knee specialist in Dhaka?,DeltaOmega88,4,5,2025-09-27 11:05:38,bangladesh,0.7,0.6000000000000001,positive,joy,"Housing/Real Estate, Technology/Gadgets, Health/Medical, Travel/Transportation, Politics/Government"
"Indian Visiting Dhaka, suggestions?",integer_tostring,2,12,2025-09-27 05:50:22,bangladesh,0.1674603174603174,0.3468253968253968,positive,joy,"Housing/Real Estate, Education/Career, Food/Dining, Travel/Transportation, Relationships/Social"
Bachelors And Dhaka!,SuspectSuspecious_,3,2,2025-09-27 05:48:42,bangladesh,0.2263888888888889,0.4819444444444444,positive,joy,"Housing/Real Estate, Food/Dining, Infrastructure/Urban"
BSF Push In: How an Assamese woman ended up in a slum in Dhaka,yasserius,7,2,2025-09-26 13:02:58,bangladesh,0.0,0.0,neutral,neutral,Housing/Real Estate
How to stay safe in Dhaka while doing UG,Worth-Gene,23,17,2025-09-24 16:31:11,bangladesh,0.0121212121212121,0.6181818181818182,neutral,anger,"Housing/Real Estate, Education/Career, Travel/Transportation"
Where to buy ladies western clothing in Dhaka? Wide pants and shirts.,ElNinoMaravilla,7,14,2025-09-23 20:22:47,bangladesh,0.4666666666666666,0.4000000000000001,positive,joy,"Housing/Real Estate, Shopping/Commerce"
Need suggestions for trusted shipping agents from China to Bangladesh,Drawing-Live,8,10,2025-09-22 16:40:41,bangladesh,0.175,0.4416666666666667,positive,joy,"Housing/Real Estate, Technology/Gadgets, Shopping/Commerce"
Scene of Dhaka in 1958.,TasinMAHDI,9,4,2025-09-22 14:36:33,bangladesh,0.0,0.0,neutral,neutral,Housing/Real Estate
Where to buy airguns in Dhaka?,Initial-Read4305,3,0,2025-09-21 23:58:39,bangladesh,0.0,0.0,neutral,neutral,"Housing/Real Estate, Technology/Gadgets, Shopping/Commerce"
"Dear Bangladeshi brothers, please take care not to harm us",SquarePromise2707,67,36,2025-09-21 16:28:52,bangladesh,0.1293123543123543,0.4461538461538462,positive,neutral,"Housing/Real Estate, Technology/Gadgets, Education/Career, Travel/Transportation, Infrastructure/Urban"
"How is the situation in Dhaka right now for moderate, agnostic/atheist women? Coming from a Bangladeshi immigrant woman who left in 2012 and hasn‚Äôt been back for an extended period of time since",nymeria_the_direwolf,25,17,2025-09-21 08:01:11,bangladesh,0.0375,0.53,neutral,anger,"Housing/Real Estate, Technology/Gadgets, Relationships/Social, Infrastructure/Urban"
How do you manage your budget in Dhaka with Family and mid level pay?,UnlikelySecret2629,9,2,2025-09-20 15:01:45,bangladesh,0.0,0.0,neutral,neutral,"Housing/Real Estate, Relationships/Social"
Where I can find hot wheels in dhaka?,carefree_victory,3,0,2025-09-19 00:18:16,bangladesh,0.325,0.775,positive,neutral,"Housing/Real Estate, Shopping/Commerce"
Dhaka Birdwatching ‡¶¢‡¶æ‡¶ï‡¶æ‡¶Ø‡¶º ‡¶¨‡¶æ‡¶∞‡ßç‡¶°‡¶ì‡¶Ø‡¶º‡¶æ‡¶ö‡¶ø‡¶Ç,Macula-Densa,8,3,2025-09-17 06:28:36,bangladesh,0.175,0.375,positive,joy,"Housing/Real Estate, Technology/Gadgets, Travel/Transportation"
On arrival visa @Dhaka Airport,bangalimahbub,2,4,2025-09-17 02:32:52,bangladesh,0.1,0.225,neutral,neutral,"Housing/Real Estate, Technology/Gadgets, Travel/Transportation"
"Affordable, quiet and green: Electric shuttle buses set a model for Dhaka‚Äôs residential areas",Alone-Attention-2139,9,2,2025-09-12 19:17:18,bangladesh,0.0,0.0,neutral,neutral,"Housing/Real Estate, Travel/Transportation"
Best place to get highest quality BD cricket jerseys?,DeltaOmega88,4,4,2025-09-11 21:20:28,bangladesh,0.1799783549783549,0.4119047619047619,positive,joy,"Housing/Real Estate, Technology/Gadgets, Sports/Recreation"
Dhaka Foreign customs held my product,Fun-Middle-1660,2,1,2025-09-11 08:35:48,bangladesh,0.0,0.0,neutral,neutral,"Housing/Real Estate, Shopping/Commerce"
Dhaka Elevated Expressway Friday Afternoon Drive,Strict-Relief515,2,1,2025-09-10 18:49:09,bangladesh,0.2666666666666666,0.4555555555555555,positive,neutral,Housing/Real Estate
Best psychologist in Dhaka under budget,Puzzleheaded-Hat6548,2,0,2025-09-10 15:37:08,bangladesh,0.0,0.0,neutral,neutral,Housing/Real Estate
suggest gray/moody aesthetic restaurant in dhaka,No_idea_duh,3,0,2025-09-09 19:03:54,bangladesh,0.4666666666666667,1.0,positive,neutral,"Housing/Real Estate, Food/Dining, Relationships/Social"
Dhaka na Kolkata,RazzmatazzStrict,2,0,2025-09-08 19:25:17,bangladesh,0.0,0.0,neutral,neutral,Housing/Real Estate
What if Sam Hargrave's Extraction had a Bangladeshi cast,Puzzled-Horse279,2,0,2025-09-08 18:40:12,bangladesh,0.0986537605696483,0.3438208209236247,neutral,joy,"Housing/Real Estate, Technology/Gadgets, Food/Dining, Shopping/Commerce, Relationships/Social, Sports/Recreation, Politics/Government, Infrastructure/Urban"
Backpacking Bangladesh,BriefVeterinarian106,6,6,2025-09-08 13:56:13,bangladesh,0.2962418300653595,0.4277777777777777,positive,joy,"Housing/Real Estate, Travel/Transportation, Relationships/Social"
"Bangladesh, India to hold talks in Delhi on Ganges water-sharing treaty on Tuesday",Alone-Attention-2139,5,0,2025-09-07 19:30:07,bangladesh,-0.1916666666666666,0.425,negative,neutral,"Housing/Real Estate, Technology/Gadgets, Food/Dining"
Therapists in Dhaka that offer services in English,bagpurchaser,3,1,2025-09-07 16:06:10,bangladesh,0.0,0.0,neutral,neutral,Housing/Real Estate
Dhaka Awaits Opening Of Century-Old Diamond Vault | Asia One News,maifee,2,0,2025-09-06 11:51:52,bangladesh,0.0,0.0,neutral,neutral,"Housing/Real Estate, Technology/Gadgets"
Decent Bars in Dhaka,mid20sman,13,7,2025-09-05 14:24:33,bangladesh,0.3125,0.45,positive,joy,"Housing/Real Estate, Education/Career, Food/Dining, Sports/Recreation"
Why is Dhaka so trafficy?,Viv3lafranc3,2,1,2025-09-05 09:06:21,bangladesh,0.0,0.1,neutral,neutral,"Housing/Real Estate, Health/Medical, Travel/Transportation, Politics/Government, Infrastructure/Urban"
Which steak house is the best in Dhaka...,Cryptographer47051,5,2,2025-09-03 20:00:53,bangladesh,0.5,0.2,positive,neutral,Housing/Real Estate
What if Dhaka was abandoned and nature took it back? üåø A mysterious AI short film I made,Competitive-Essay798,0,16,2025-09-03 18:18:57,bangladesh,0.1576704545454545,0.4693181818181818,positive,joy,"Housing/Real Estate, Technology/Gadgets, Food/Dining, Relationships/Social, Politics/Government, Infrastructure/Urban"
Are there any restaurants in Puran Dhaka that serve good bengali pork dishes?,DoodhBhaat,2,9,2025-09-01 20:54:59,bangladesh,0.0,0.0,neutral,neutral,"Housing/Real Estate, Food/Dining"
Best perfumes to wear in Dhaka,Rapid47,2,1,2025-08-31 16:13:30,bangladesh,0.0,0.0,neutral,neutral,Housing/Real Estate
Upgrading my iPhone 12 Pro ‚Äì advice on shops &amp; price in Dhaka,Intelligent-Delay-95,2,0,2025-08-31 11:37:33,bangladesh,0.175,0.4083333333333334,positive,neutral,"Housing/Real Estate, Technology/Gadgets, Health/Medical, Shopping/Commerce, Infrastructure/Urban"
"Unseen photographs of people struggling for liberation in 1971, which resulted in the creation of a sovereign Bangladesh.",TasinMAHDI,24,5,2025-08-29 16:56:51,bangladesh,0.0117647058823529,0.3294117647058823,neutral,neutral,"Housing/Real Estate, Technology/Gadgets, Education/Career, Food/Dining, Health/Medical, Shopping/Commerce, Travel/Transportation, Sports/Recreation"
Safe to visit Bangladesh as a Pakistani?,Fondant_Decent,32,40,2025-08-29 16:02:21,bangladesh,0.25,0.2611111111111112,positive,joy,"Housing/Real Estate, Travel/Transportation, Relationships/Social"
Is it possible to go to Dhaka by boat from Chittagong?,siam19,2,2,2025-08-29 09:14:33,bangladesh,0.05,0.7,neutral,neutral,Housing/Real Estate
Want to enjoy Dhaka,Mysterious_Natural55,4,4,2025-08-28 06:03:38,bangladesh,0.2749053030303029,0.5864898989898991,positive,joy,"Housing/Real Estate, Technology/Gadgets, Food/Dining, Travel/Transportation, Relationships/Social, Infrastructure/Urban"
"I'm not sure if it is only me, but the sky-summit level of MRT line 6 sort of made Dhaka look more modern.",Comfortable-Table-57,1,0,2025-08-28 03:33:46,bangladesh,0.252,0.428,positive,neutral,"Housing/Real Estate, Technology/Gadgets, Education/Career, Sports/Recreation, Infrastructure/Urban"
"Today's editorials in Pakistan's Dawn (""Ties That Bind"") and Tribune (""Reset with Dhaka"") on the FM‚Äôs BD visit expose their mindset. Both dismiss 1971 as a mere ""tragedy,"" avoiding true apology for genocide. Not shockingly, their tone mirrors their own collaborators‚Äô stance!",TasinMAHDI,106,32,2025-08-27 09:07:55,bangladesh,0.0,0.0,neutral,neutral,"Housing/Real Estate, Travel/Transportation"
"Where to shop in Dhaka for skirts, tops &amp; three-pieces?",Winter-Fig-4104,2,1,2025-08-27 00:44:50,bangladesh,0.475,0.6333333333333333,positive,joy,"Housing/Real Estate, Shopping/Commerce"
"Dhaka &amp; Chittagong Airports are major hub for drugs,Gold trafficking in south east Asia! We are seeing tip of the iceberg in regards of seizing Drugs &amp; Gold!",Asleep-Jellyfish007,6,2,2025-08-26 21:14:34,bangladesh,0.0,0.0,neutral,neutral,"Housing/Real Estate, Technology/Gadgets, Travel/Transportation, Infrastructure/Urban"
"Dhaka, Bangladesh",VapeyMoron,53,9,2025-08-25 23:30:45,bangladesh,0.0,0.0,neutral,neutral,Housing/Real Estate
Explain this Bangladeshi Economy and Market related question to a less educated person.,Forgotten_Seriously,1,0,2025-11-19 22:22:43,dhaka,0.0157407407407407,0.2731481481481482,neutral,joy,"Technology/Gadgets, Shopping/Commerce"
I Just hate how most Bangladeshi people just cannot think rationally,Crowned_XD,21,6,2025-11-19 19:18:07,dhaka,-0.0043115942028985,0.5679710144927537,neutral,joy,"Housing/Real Estate, Technology/Gadgets, Education/Career, Food/Dining, Shopping/Commerce, Relationships/Social, Sports/Recreation"
Where in Dhaka can I get these Chunky Penny Loafers and Men's long wallet in best price?,Mikoyane,3,5,2025-11-19 19:09:52,dhaka,0.0,0.0,neutral,neutral,"Housing/Real Estate, Shopping/Commerce"
Best dermatologist in DHAKA for Fungal infection (Tinia Cruris),OpenBelt8195,3,2,2025-11-19 18:28:22,dhaka,0.1,0.4166666666666666,neutral,anger,"Housing/Real Estate, Food/Dining, Health/Medical"
Best online physics course for HSC students in Bangladesh?,No_Arrival_9355,2,4,2025-11-19 18:14:45,dhaka,0.4121212121212121,0.3944444444444444,positive,neutral,"Housing/Real Estate, Technology/Gadgets, Education/Career"
Is mbbs from Bangladesh worth it??,timespaceweb,18,34,2025-11-19 07:24:51,dhaka,0.0928571428571428,0.2607142857142857,neutral,neutral,"Education/Career, Health/Medical, Relationships/Social"
Getting Euro payments as a Bangladeshi,Alfred_Pithu,3,4,2025-11-19 04:56:44,dhaka,0.1332438016528926,0.4182369146005509,positive,joy,"Technology/Gadgets, Education/Career, Relationships/Social, Politics/Government"
Visiting Dhaka - looking for recommendations,RealZubidoo,2,2,2025-11-19 01:00:32,dhaka,0.2966666666666667,0.4633333333333334,positive,joy,"Housing/Real Estate, Technology/Gadgets, Education/Career, Food/Dining, Shopping/Commerce, Travel/Transportation, Infrastructure/Urban"
To the US and Europe Based BD community,Left-Homework-6650,3,4,2025-11-19 00:06:45,dhaka,0.1767857142857142,0.4857142857142857,positive,joy,"Housing/Real Estate, Technology/Gadgets, Education/Career, Food/Dining, Shopping/Commerce, Travel/Transportation, Relationships/Social, Infrastructure/Urban"
Dhaka's traffic is getting worse and no one seems to care,StockholmSyndrome_69,23,14,2025-11-18 23:46:19,dhaka,-0.1366666666666666,0.6116666666666666,negative,neutral,"Housing/Real Estate, Sports/Recreation, Politics/Government, Infrastructure/Urban"
Is Ali2BD reliable?,SalaryImpressive7469,13,15,2025-11-18 23:21:16,dhaka,-0.2875,0.7625000000000001,negative,trust,"Housing/Real Estate, Shopping/Commerce"
Bangladesh is severely lacking in Public Libraries and overall access to books.,Honest_Ad_6090,55,38,2025-11-18 21:43:20,dhaka,0.0705199958771387,0.2709869099154813,neutral,joy,"Technology/Gadgets, Education/Career, Politics/Government, Infrastructure/Urban"
Is there anything I can bring from Germany and sell at a profit in Bangladesh?,United-Road-7338,2,3,2025-11-18 21:07:32,dhaka,0.0,0.0,neutral,neutral,"Shopping/Commerce, Travel/Transportation"
Bangladeshi women should stop settling for less. We are enabling these losers,QuietSuccessfull,149,336,2025-11-18 20:37:15,dhaka,0.1677437641723356,0.5134353741496598,positive,joy,"Technology/Gadgets, Food/Dining, Health/Medical, Relationships/Social, Sports/Recreation"
Dhaka-Chittagong highway speedcam?,Reedditcdi,3,3,2025-11-18 19:07:11,dhaka,-0.0725,0.5241666666666667,neutral,neutral,"Housing/Real Estate, Education/Career, Infrastructure/Urban"
BD domestic flights,zsk471,2,3,2025-11-18 17:07:13,dhaka,-0.040625,0.321875,neutral,neutral,"Housing/Real Estate, Technology/Gadgets, Shopping/Commerce, Travel/Transportation"
Do Bangladeshi University Students Get .edu e-mail addresses?,biggestloserinearth,10,23,2025-11-18 13:10:46,dhaka,0.1583333333333333,0.3972222222222222,positive,neutral,"Technology/Gadgets, Education/Career, Infrastructure/Urban"
Good camera repair shop in Dhaka + cost?,Additional-Skirt-937,3,0,2025-11-18 07:13:38,dhaka,0.045,0.3749999999999999,neutral,trust,"Housing/Real Estate, Technology/Gadgets, Shopping/Commerce, Sports/Recreation"
Is arranged marriage still a thing in Bangladesh for male in their early 20s?,hackerbong,50,44,2025-11-18 06:56:01,dhaka,0.1658095238095238,0.4115714285714286,positive,neutral,"Housing/Real Estate, Technology/Gadgets, Education/Career, Relationships/Social, Infrastructure/Urban"
Bangladesh Court Orders Death Penalty for Ex-PM Hasina Over Deadly 2024 Uprising,shadrack_CK,4,0,2025-11-18 01:56:01,dhaka,0.0,0.0,neutral,neutral,"Food/Dining, Shopping/Commerce, Politics/Government"
Looking for terrible but expensive restaurants in Dhaka. For recommending to an old enemy.,AlternativeMetal2017,3,2,2025-11-17 22:41:35,dhaka,0.0,0.0,neutral,neutral,"Housing/Real Estate, Food/Dining"
do you guys know any wired earphones with good mic quality in dhaka,ghumkhor,5,12,2025-11-17 22:15:01,dhaka,0.4333333333333333,0.4666666666666667,positive,joy,"Housing/Real Estate, Technology/Gadgets"
Can someone provide Deshbd dc server invite,yahoo_olivia,1,2,2025-11-17 18:32:28,dhaka,0.0,0.0,neutral,neutral,General
Failed HSC Twice Can I Still Get Into a Private University in Bangladesh,ResponsibleFudge8955,2,9,2025-11-17 16:46:56,dhaka,-0.0958333333333333,0.3118055555555556,neutral,neutral,"Technology/Gadgets, Education/Career, Relationships/Social, Infrastructure/Urban"
Ousted Bangladesh PM Sheikh Hasina sentenced to death for crimes against humanity,Power-Equality,79,42,2025-11-17 14:56:28,dhaka,0.0,0.0,neutral,neutral,"Technology/Gadgets, Food/Dining"
Miss Universe Bangladesh 2025 Hype,FinalGeneration,40,74,2025-11-17 11:51:29,dhaka,0.0,0.0,neutral,neutral,General
Visiting Bangladesh after 10 years best food,Noobiepoobie853,3,12,2025-11-17 10:41:56,dhaka,0.15,0.6199999999999999,positive,neutral,"Food/Dining, Travel/Transportation"
Where can I find this type of half-zip cable knit sweater in Bangladesh?,beingElias,31,25,2025-11-17 10:31:56,dhaka,0.2483333333333333,0.35,positive,joy,"Housing/Real Estate, Food/Dining, Shopping/Commerce"
Pakistani Planning to do mbbs from Bangladesh,timespaceweb,27,39,2025-11-17 06:19:51,dhaka,0.1857142857142857,0.3,positive,trust,"Technology/Gadgets, Education/Career, Health/Medical"
Bangladesh vs India Football Match,OdysseusWit,3,2,2025-11-17 05:55:37,dhaka,-0.0249999999999999,0.375,neutral,neutral,"Shopping/Commerce, Sports/Recreation"
"Bengali in rome,italy",Beginning-Bar-1138,2,0,2025-11-17 00:38:59,dhaka,0.25,0.3,positive,joy,"Education/Career, Relationships/Social"
When do medical colleges open for the next batch in bangladesh 2026,No-Yogurtcloset9949,2,6,2025-11-16 23:45:36,dhaka,0.0,0.0,neutral,neutral,"Education/Career, Health/Medical"
how to be an independent woman in bangladesh,closetedluvergurl,43,26,2025-11-16 22:14:54,dhaka,-0.0961904761904761,0.3204761904761904,neutral,neutral,"Housing/Real Estate, Education/Career, Infrastructure/Urban"
Tax law firm in Dhaka,Agile-Lifeguard-2063,3,5,2025-11-16 18:32:44,dhaka,0.15,0.3500000000000001,positive,joy,"Housing/Real Estate, Technology/Gadgets, Food/Dining, Politics/Government"
BDüáßüá© vs IndiaüáÆüá≥ Match Ticket for Sale!,Opposite_Extension13,1,1,2025-11-16 13:01:03,dhaka,0.2125,0.4,positive,neutral,"Technology/Gadgets, Shopping/Commerce, Sports/Recreation"
Seeking Investment to Scale My Small E-commerce Brand (Bangladesh) ‚Äî Need Guidance &amp; Partners,ledlips6214,2,1,2025-11-16 02:53:14,dhaka,0.0570169413919413,0.4671703296703298,neutral,neutral,"Housing/Real Estate, Technology/Gadgets, Education/Career, Food/Dining, Shopping/Commerce, Travel/Transportation, Relationships/Social"
Any Bangladeshi living in oman here? Needed help,zebrina1,19,8,2025-11-16 02:10:43,dhaka,0.1438888888888889,0.65,positive,neutral,"Housing/Real Estate, Technology/Gadgets"
Where to invest 15k bdt as a student,dest_v18,2,6,2025-11-16 01:55:49,dhaka,0.0,0.1083333333333333,neutral,neutral,Education/Career
Quiet places near Dhaka,NefariousnessOk7185,2,15,2025-11-16 00:48:15,dhaka,0.1666666666666666,0.4111111111111111,positive,neutral,"Housing/Real Estate, Food/Dining"
Trying to collect foreign currency notes ‚Äî where can I actually get my first ones in Dhaka?,Inevitable-Koala6828,2,3,2025-11-15 22:58:02,dhaka,0.0921349789915966,0.3960434173669467,neutral,trust,"Housing/Real Estate, Technology/Gadgets, Education/Career, Shopping/Commerce, Travel/Transportation, Sports/Recreation"
App that shows live Bangladesh Railway train positions - Find My Train: Bangladesh,jgainbd,86,21,2025-11-15 20:13:56,dhaka,0.1326704545454545,0.3963789682539683,positive,neutral,"Housing/Real Estate, Technology/Gadgets, Education/Career, Shopping/Commerce, Travel/Transportation, Sports/Recreation"
"A Salafi Bangladeshi scholar is actively calling for jihad, destabilising three countries‚ÄîBangladesh, India, and Myanmar. As you can see in the video, the leadership of Jamaat-e-Islami and the BNP are enjoying this speech.",New_Edge360,6,2,2025-11-15 19:16:02,dhaka,0.0,0.0,neutral,neutral,"Sports/Recreation, Politics/Government"
Weekend activities in city like Dhaka?,PatientHistorian7459,8,37,2025-11-15 18:39:33,dhaka,0.175,0.275,positive,neutral,"Housing/Real Estate, Education/Career, Travel/Transportation, Infrastructure/Urban"
I have 2 lakhs to invest | need suggestions to generate 30k‚Äì50k/month within 2‚Äì3 months (Bangladesh),Aggravating-Jury9096,0,27,2025-11-15 15:57:33,dhaka,0.1367259552042161,0.3422266139657444,positive,joy,"Housing/Real Estate, Technology/Gadgets, Education/Career, Shopping/Commerce, Travel/Transportation, Infrastructure/Urban"
